[
{
  "model": "auth.group",
  "fields": {
    "name": "edit_profile_from_admin",
    "permissions": [
      [
        "change_memberstory",
        "testimonial",
        "memberstory"
      ],
      [
        "view_memberstory",
        "testimonial",
        "memberstory"
      ],
      [
        "change_dpluser",
        "user",
        "dpluser"
      ],
      [
        "view_dpluser",
        "user",
        "dpluser"
      ],
      [
        "add_profesionalprofile",
        "user",
        "profesionalprofile"
      ],
      [
        "change_profesionalprofile",
        "user",
        "profesionalprofile"
      ],
      [
        "view_profesionalprofile",
        "user",
        "profesionalprofile"
      ],
      [
        "add_userprofile",
        "user",
        "userprofile"
      ],
      [
        "change_userprofile",
        "user",
        "userprofile"
      ],
      [
        "view_userprofile",
        "user",
        "userprofile"
      ]
    ]
  }
},
{
  "model": "sessions.session",
  "pk": "07plkurby23e22bj9b2if7hogezlb9n2",
  "fields": {
    "session_data": ".eJxVjEEOwiAQAP_C2RBgW9p69O4bCMsuFjVgSptojH83JD3odWYyb-H8ts5uq7y4ROIoNIjDL0QfbpyboavPlyJDyeuSULZE7rbKcyG-n_b2bzD7OrevGbsOaZwGsIMN0YC3NPS9QW1iDEQqKK0t4DRBZAYdEMgYUkr7CKjatHKtqWTHz0daXuKoPl-dhT8m:1lEYuH:sbk3YcSwwxz7OElO7FiZFDGzy03ge6ze9Uhd22CCi9E",
    "expire_date": "2021-03-09T14:43:21.499Z"
  }
},
{
  "model": "sessions.session",
  "pk": "0toekudveyma0a9azbvtygj0gcia5o1i",
  "fields": {
    "session_data": ".eJxVjMsOwiAQRf-FtSHDowW6dO83kKFMBTVgSptojP-uTbrQ7T3nnhfzuC7Jr41mnyMbmGaH3y3geKWygXjBcq58rGWZc-Cbwnfa-KlGuh139y-QsKXvWyhplUCDmqbgIkahjQQLnRqD7tEGkGCEQDROqAm0CaoH6cDajsBgv0UbtZZr8fS45_nJBnh_AFF1PdM:1lFgPr:3ZHcjwpmA0FpBVKvUZMedTGRGcvA4-EMMx1JKIjRAzA",
    "expire_date": "2021-03-12T16:56:35.810Z"
  }
},
{
  "model": "sessions.session",
  "pk": "1asd0mvuws5q9i5kx5h6nps4c2pu8wvm",
  "fields": {
    "session_data": ".eJxVjDsOwjAQBe_iGlkbx19K-pzBWnsXHEC2FCcV4u4QKQW0b2beS0Tc1hK3zkucSZyFFaffLWF-cN0B3bHemsytrsuc5K7Ig3Y5NeLn5XD_Dgr28q09YRpwBHSUR8twDU4ZcoCZydKQOXuNANoH54LRNsDo0aqklVaBvRHvD_WtN3w:1lAfMe:H1eiQjpvIcSUAdlt5KCXhN9PYlyNXL87LhoVVgV6h04",
    "expire_date": "2021-02-26T20:48:32.013Z"
  }
},
{
  "model": "sessions.session",
  "pk": "2js48lft2dw1ijprz7j3azt8vyov5q3n",
  "fields": {
    "session_data": ".eJxVjEEOwiAQRe_C2hAog1CX7nsGMjCDVA0kpV0Z765NutDtf-_9lwi4rSVsnZcwk7iIUZx-t4jpwXUHdMd6azK1ui5zlLsiD9rl1Iif18P9OyjYy7c26ewsgvZMHrzlCBlZ2aQ1OcIxKQugwQ_gnDHsiQa0KmskG3nMA4n3B-I8OAg:1lApJq:jI43SUpa4zVmSMYx68WrFrISDHfAlK-ZYxSAeey7Z_s",
    "expire_date": "2021-02-27T07:26:18.898Z"
  }
},
{
  "model": "sessions.session",
  "pk": "3gufj1zw907tpfvuyq26vif6pr13id1s",
  "fields": {
    "session_data": ".eJxVjM0OgyAQhN9lz43hR1G8tS9CFnaJpBSTCr00fffWxovH-WbmewOGsLZS3YufKSYmxw9MGebScr6Aw1YX1zZ-ukQwg1Rwgh7DncveYM477g5f998c9dZdf4lLTQFrWsvteJ1UC27L7iE7ekEsjKGAZvLKW_JmMEoYstpL30-sBraCBmHk2JOSGpHjJPQYo4bPF8JuSAc:1lBxBQ:hCOw1uYoExo8FzemgyJ8Rt3h_rFyqxh7ug-V-aYBmW4",
    "expire_date": "2021-03-02T10:02:16.219Z"
  }
},
{
  "model": "sessions.session",
  "pk": "59bwm2rfrauve9dtgar9ibk8arym05hq",
  "fields": {
    "session_data": ".eJxVjMsOwiAQRf-FtSE8C7h07zeQGRikaiAp7cr479qkC93ec859sQjbWuM2aIlzZmfm2Ol3Q0gPajvId2i3zlNv6zIj3xV-0MGvPdPzcrh_BxVG_daawFlhdEAUEwiPAKi0zmRpKik5S74oXaQQyUifQpDBkEUdvPUuq8DeH-4pN68:1lAVHK:68vuzRvZb7VMQA644VOnXC74SfJeO99cnI4aOc99Q6M",
    "expire_date": "2021-02-26T10:02:22.852Z"
  }
},
{
  "model": "sessions.session",
  "pk": "85j7itw1fxdifwslfecr402aipf5hkg5",
  "fields": {
    "session_data": ".eJxVjMsOgyAQRf9l1o2Rh464a3-EDDBGUoqJQjdN_73auHFzk_s6HyDvl5qLffMap8jB8otigjHXlG5gqZbZ1o1XGwOMIFq4hI78k_PRUEpH3Jy85r856625745ziZ5KXPLjfF1QM23zzmElRIfCq9D1Qu-iUfIgUclpalFhUG4wQUtsnXba94IoKBPQGBwMkYPvD4RCRyg:1lA6Aq:xxbeuIPJf_Hf3DIXPCAmXJ6zb-d80rLR5cCwjdg7rmU",
    "expire_date": "2021-02-25T07:14:00.750Z"
  }
},
{
  "model": "sessions.session",
  "pk": "85jr4atqrkbl6irfo6j7xeechg02exqt",
  "fields": {
    "session_data": "eyJfcGFzc3dvcmRfcmVzZXRfa2V5IjoiYWhzbnprLTA0OTFhYTIwNTU3Y2E3YTFhYjEwYmIxMzhmZDc2ZDg0In0:1l9PaD:34NUXyNasNL35ONsOUglpEbBgNV6WlAmusXQPyq0qt0",
    "expire_date": "2021-02-23T09:45:21.871Z"
  }
},
{
  "model": "sessions.session",
  "pk": "9xbbs4suw7q8dwoobkkibjrqban8pe2z",
  "fields": {
    "session_data": "eyJfcGFzc3dvcmRfcmVzZXRfa2V5IjoiYWh2MWtrLTQ2ZDIyOGMyM2ViZDNiNzI3MTlkMWNlOThlMDFjYmE4In0:1l9rh7:gpfmUoXmRAb6c_Oyquf-pDOrl-HkQj7G2kVuv1vBlEM",
    "expire_date": "2021-02-24T15:46:21.008Z"
  }
},
{
  "model": "sessions.session",
  "pk": "as1mizddd9fa2ycrfybdru1akxxa3or4",
  "fields": {
    "session_data": ".eJxVjMsOwiAQRf-FtSHDowy4dO83kBmgUjU0Ke3K-O_apAvd3nPOfYlI21rj1ssSpyzOworT78aUHqXtIN-p3WaZ5rYuE8tdkQft8jrn8rwc7t9BpV6_tTLaG0VItowcMmVlUYOHwSS2jjyDBlSKCIMyI1hk40AH8H4ogOTE-wPDZzaW:1lAVOG:s9iuJJ10ReGimu4DThnpxtaYdeJCQT4_QF7K8BLhbRs",
    "expire_date": "2021-02-26T10:09:32.183Z"
  }
},
{
  "model": "sessions.session",
  "pk": "b7yruaynxarn7rqqvmyhdks2jsfyqp5r",
  "fields": {
    "session_data": ".eJxVjMsOwiAQRf-FtSHDowy4dO83kBmgUjU0Ke3K-O_apAvd3nPOfYlI21rj1ssSpyzOworT78aUHqXtIN-p3WaZ5rYuE8tdkQft8jrn8rwc7t9BpV6_tTLaG0VItowcMmVlUYOHwSS2jjyDBlSKCIMyI1hk40AH8H4ogOTE-wPDZzaW:1lAY3q:o72FUyU7I63KGZsVAsBPvrAHqJUyIlkwlzYXydZtgtw",
    "expire_date": "2021-02-26T13:00:38.424Z"
  }
},
{
  "model": "sessions.session",
  "pk": "cgfm49i7ou205neeeaoioxt9liftt2bf",
  "fields": {
    "session_data": ".eJxVjEEOgyAURO_CujEoIuCuvQj5fD6RlGIi0E3Tu1cbNy7nzcz7MEBcW672TVsMkbylF8TE5txSujELrS62Fdps9Gxmil2YA3xSPgpI6cDdqev-m7Mu3X1PlGtEqHHNj_N1US1Qlt0jCJTkozDO8Qm4dgBuEMKTpCkgKkk6DCL0nOPYazSmNyNJJ4yWWvnBsO8PjMdHiQ:1lA1SL:8bwQHXO5fNW7WM9PLaSb8sEmb7Z_8Eli5Tswakiox_0",
    "expire_date": "2021-02-25T02:11:45.601Z"
  }
},
{
  "model": "sessions.session",
  "pk": "fz52i4aghypim3erk8ksexzphhphbp7u",
  "fields": {
    "session_data": ".eJxVjMsOwiAQRf-FtSHDowy4dO83kBmgUjU0Ke3K-O_apAvd3nPOfYlI21rj1ssSpyzOworT78aUHqXtIN-p3WaZ5rYuE8tdkQft8jrn8rwc7t9BpV6_tTLaG0VItowcMmVlUYOHwSS2jjyDBlSKCIMyI1hk40AH8H4ogOTE-wPDZzaW:1l9rWV:8hutbT7sgb7bZKVmYc-VM7Gwrxff0krXX3ebwJF1LzQ",
    "expire_date": "2021-02-24T15:35:23.570Z"
  }
},
{
  "model": "sessions.session",
  "pk": "i4hj85tcudx0hqg3182augsz6ek3mv48",
  "fields": {
    "session_data": ".eJxVjMEOwiAQBf-FsyFQCpQevfsNZFkWixowpU00xn_XJj3o9c28eTEP6zL5tdHsc2QjU-zwuwXAK5UNxAuUc-VYyzLnwDeF77TxU410O-7uX2CCNn3fSHJQRgyAVvaYJKI1XQhG9AQJoBt641LsjJJOOSQXgwENWgsrUrKot2ij1nItnh73PD_ZKN4fnt8_cQ:1lFFJT:z0D2og5glvueDK6bweYa0OPiTqm3b4-mqn3sl6XHpws",
    "expire_date": "2021-03-11T12:00:11.367Z"
  }
},
{
  "model": "sessions.session",
  "pk": "ktaymv1em2nao4ohm7m7slzniheg5mht",
  "fields": {
    "session_data": ".eJxVjMsOwiAQRf-FtSHDowy4dO83kBmgUjU0Ke3K-O_apAvd3nPOfYlI21rj1ssSpyzOworT78aUHqXtIN-p3WaZ5rYuE8tdkQft8jrn8rwc7t9BpV6_tTLaG0VItowcMmVlUYOHwSS2jjyDBlSKCIMyI1hk40AH8H4ogOTE-wPDZzaW:1lGmhR:6cGP8ah1R6LYjZM7PCxcUPy1AFGcb-Ovk727k_2ai9k",
    "expire_date": "2021-03-15T17:51:17.154Z"
  }
},
{
  "model": "sessions.session",
  "pk": "ldhwssr6ap40vaa7hotj6q7sp69fwfx7",
  "fields": {
    "session_data": ".eJxVjMsOwiAQRf-FtSE8B3Dp3m8gwwBSNTQp7cr479qkC93ec859sYjb2uI2yhKnzM5Ms9PvlpAepe8g37HfZk5zX5cp8V3hBx38OufyvBzu30HD0b41Fek1CI_kpKEqiRyolECYghVReQOhZgVaBh2ohJwALVornKjVkWXvD_B5ODQ:1lAeod:j-TACmtxC0ZFNsybVWDrJmvONk7bzsdgwxJ8kW2JeaM",
    "expire_date": "2021-02-26T20:13:23.939Z"
  }
},
{
  "model": "sessions.session",
  "pk": "moom00tswt4ai6ky4mions4s665krfzp",
  "fields": {
    "session_data": ".eJxVjMEOgyAQRP-Fc2MWUURv7Y-QhV0iKcVEoZem_15tvHicNzPvI9D7peZi37zGEJksvzAmMeWa0k1YrGW2dePVRhKTkFJcoEP_5Hw0mNKBm9PX_DdnvTX3PXEu0WOJS36cr4tqxm3ePSYgEvhe9gOMxhhlHLejp0BSIfkujIoBodPgggYkB0OPqmXSCIitFt8fxeBIgw:1lAATm:PsBpM2K4JSSW0MN2G7ELW4JERizZ4LjUTsxaYboqrrA",
    "expire_date": "2021-02-25T11:49:50.275Z"
  }
},
{
  "model": "sessions.session",
  "pk": "n8pgdq502qm1dcgp2mmiau1qdg99kpwl",
  "fields": {
    "session_data": ".eJxVjcsOwiAQRf-FtWmA6XunP0KGmSElIk0suDH-u9Z00-V9nftWSLTWXNxLnjFEYScPjEnNuaZ0UQ5rWVzd5Okiq1kZUCfTI90l7wmmtNvNwWv-nSPemutPSS6RsMQ1347VCbXgtuwPdmxbz-M0QD_0FCxgz0PXWW9sCMSsSRvTg58mCCJgyANby1obDOC1-nwBoMFHww:1lEYi0:uTc9yhlvMZ-DFcCK4dtSSrX34jl_4jJMqdySI_vucQc",
    "expire_date": "2021-03-09T14:30:40.933Z"
  }
},
{
  "model": "sessions.session",
  "pk": "o1fqai312a7pv4j2yj1cnapk9os8n3g5",
  "fields": {
    "session_data": ".eJxVjMsOwiAQRf-FtSE8B3Dp3m8gwwBSNTQp7cr479qkC93ec859sYjb2uI2yhKnzM5Ms9PvlpAepe8g37HfZk5zX5cp8V3hBx38OufyvBzu30HD0b41Fek1CI_kpKEqiRyolECYghVReQOhZgVaBh2ohJwALVornKjVkWXvD_B5ODQ:1lADWA:XFN1Bv_1fazrfJdil91_hFZIQQ0G5dzLF7A9QzCHu_A",
    "expire_date": "2021-02-25T15:04:30.198Z"
  }
},
{
  "model": "sessions.session",
  "pk": "p95dm5dkg2mx0egliqi32iqsjc7o5ro8",
  "fields": {
    "session_data": ".eJxVjMEOwiAQBf-FsyFQCpQevfsNZFkWixowpU00xn_XJj3o9c28eTEP6zL5tdHsc2QjU-zwuwXAK5UNxAuUc-VYyzLnwDeF77TxU410O-7uX2CCNn3fSHJQRgyAVvaYJKI1XQhG9AQJoBt641LsjJJOOSQXgwENWgsrUrKot2ij1nItnh73PD_ZKN4fnt8_cQ:1lC3NK:m5vEnOxt0dMh8P5L0i3mFi2eH2R67g0oKoB-qrsM60I",
    "expire_date": "2021-03-02T16:38:58.752Z"
  }
},
{
  "model": "sessions.session",
  "pk": "pw29rc2whitjv9xko773q74e3vq8wxos",
  "fields": {
    "session_data": ".eJxVjDsOgzAQRO-ydYSMMf7QJRexlvUirDhGAjtNlLsHIhrKeTPzPoBES83Fv3mNU-Tg-YUxwZBrSjfwWMvs68arjwEG0HBhI9KT81FgSgduTl3z35z11tz3xLlEwhKX_DhfF9WM27x7bMCxxU6gCdRpFpMzsg9GIHHQoSUmq1AIZZ0xrlfaic6ilqOSSjq2PXx_lEFHVg:1l9ttS:aJx-dZrCMrS_97H4hcZ7leTlpg87LocVPRd_TcnHsec",
    "expire_date": "2021-02-24T18:07:14.405Z"
  }
},
{
  "model": "sessions.session",
  "pk": "rg5oaflxw9tuwrated03xwlgqw5ntpbo",
  "fields": {
    "session_data": ".eJxVjMsOwiAQRf-FtSE8C7h07zeQGRikaiAp7cr479qkC93ec859sQjbWuM2aIlzZmfm2Ol3Q0gPajvId2i3zlNv6zIj3xV-0MGvPdPzcrh_BxVG_daawFlhdEAUEwiPAKi0zmRpKik5S74oXaQQyUifQpDBkEUdvPUuq8DeH-4pN68:1lAVDI:GLDXBENHz8Zi9GczA6ClQdlzG0pMWP4vCUKIuY-fM1g",
    "expire_date": "2021-02-26T09:58:12.968Z"
  }
},
{
  "model": "sessions.session",
  "pk": "u35htr02py6s0vrhhhp3ijqbef2g2gvl",
  "fields": {
    "session_data": ".eJxVjMsOwiAQRf-FtSE8C7h07zeQGRikaiAp7cr479qkC93ec859sQjbWuM2aIlzZmfm2Ol3Q0gPajvId2i3zlNv6zIj3xV-0MGvPdPzcrh_BxVG_daawFlhdEAUEwiPAKi0zmRpKik5S74oXaQQyUifQpDBkEUdvPUuq8DeH-4pN68:1lBaNx:JJCaclLE-cxh-C3aEJLZqSlTC57FYe5d3ZbfYdvXAKc",
    "expire_date": "2021-03-01T09:41:41.741Z"
  }
},
{
  "model": "sessions.session",
  "pk": "ujyed883a4d1u5luuie1d9hzsy41vkvc",
  "fields": {
    "session_data": ".eJxVTUsOgyAUvAvrxqhgBXftRcj7EUkpJhW6aXr3auPG3fzno4Boqbn4t7xiiMJenhCTmnJN6aI81DL7usrLR1aT6ow6iQj0kLw7kNIuN8de888c9trcNia5RIISl3w_WqepGdZ5fxjQCuMVoSftOrYsrg-jHgixHYLjDYtDhFG4Z0OWjdZOBzLOWtcG9f0B4jhI7A:1lGP2B:4nqrpFN_2j_KjyR6QDkF3tDl_pTMU6VnE8FbBudZ51o",
    "expire_date": "2021-03-14T16:35:07.786Z"
  }
},
{
  "model": "sessions.session",
  "pk": "zxia2p2ks65qy6wmd1t57nhnfg2kzio1",
  "fields": {
    "session_data": ".eJxVjMsOwiAQRf-FtSHDowy4dO83kBmgUjU0Ke3K-O_apAvd3nPOfYlI21rj1ssSpyzOworT78aUHqXtIN-p3WaZ5rYuE8tdkQft8jrn8rwc7t9BpV6_tTLaG0VItowcMmVlUYOHwSS2jjyDBlSKCIMyI1hk40AH8H4ogOTE-wPDZzaW:1lFdAy:_h_Iw6kF0N2K56uZpRolnOd5TDPbAnlc6c0mOGREng4",
    "expire_date": "2021-03-12T13:29:00.205Z"
  }
},
{
  "model": "sites.site",
  "fields": {
    "domain": "example.com",
    "name": "example.com"
  }
},
{
  "model": "course.course",
  "pk": 1,
  "fields": {
    "course_name": "Deploy Aplikasi Django ke Alibaba Cloud ECS",
    "description": "Cara mendeploy aplikasi django ke alibaba cloud produk ecs dengan webserver nginx dan gunicorn. Menggunakan https certificate dengan lets encrypt dan certbot.",
    "cover_image": "Arsitektur_Deploy_CEJWpuO.png",
    "slug": "deploy-aplikasi-django-ke-alibaba-cloud-ecs",
    "show": false,
    "learn_type": "MDR"
  }
},
{
  "model": "course.course",
  "pk": 2,
  "fields": {
    "course_name": "Dasar - Dasar Pemrograman Python",
    "description": "Python diciptakan untuk mempermudah seorang programer dalam menyelesaikan tugas-tugasnya dengan cepat. Python dikembangkan oleh Guido van Rossum pada tahun 1989.",
    "cover_image": "dasar__dasar_python.png",
    "slug": "dasar-dasar-python",
    "show": true,
    "learn_type": "MDR"
  }
},
{
  "model": "course.course",
  "pk": 3,
  "fields": {
    "course_name": "Automation Testing dengan Selenium",
    "description": "Tren perusahaan IT dalam merekrut tester semakin meningkat. Tester yang memiliki kemampuan coding memiliki nilai lebih. Coding bagi tester diperlukan untuk menulis script automation yang menjalankan tes yang dapat dijalankan berulang. Kelas ini memberikan pelatihan automation testing dengan selenium python. Selenium cocok untuk digunakan untuk melakukan automation test pada aplikasi Web. Ayo ikuti kelas ini bagi kamu yang mau mengembangkan karir sebagai QA engineer.",
    "cover_image": "",
    "slug": "automation-testing-dengan-selenium",
    "show": true,
    "learn_type": "GRP"
  }
},
{
  "model": "course.course",
  "pk": 4,
  "fields": {
    "course_name": "Membuat Website Pribadi dengan Django",
    "description": "Personal website digunakan oleh software developer untuk mendemonstrasikan kemampuan mereka dan meningkatkan nilai jual.",
    "cover_image": "",
    "slug": "membuat-website-pribadi-dengan-django",
    "show": true,
    "learn_type": "GRP"
  }
},
{
  "model": "course.course",
  "pk": 5,
  "fields": {
    "course_name": "Membuat API dengan Django Rest Framework",
    "description": "API merupakan bentuk aplikasi yang banyak digunakan pada era sistem terdistribusi seperti saat ini. Pahami konsep dasar API dan pengimplementsiannya dengan megikuti materi ini.",
    "cover_image": "",
    "slug": "membuat-api-dengan-django-rest-framework",
    "show": false,
    "learn_type": "GRP"
  }
},
{
  "model": "course.course",
  "pk": 6,
  "fields": {
    "course_name": "Dasar - Dasar Pemrograman Python",
    "description": "Pengenalan sintak dasar bahasa pemrograman python. Cocok untuk pemula atau yang baru memulai bahasa pemrograman python.",
    "cover_image": "",
    "slug": "dasar-dasar-pemrograman-python",
    "show": true,
    "learn_type": "GRP"
  }
},
{
  "model": "course.module",
  "pk": 1,
  "fields": {
    "module_name": "Membuat Akun Alibaba Cloud",
    "course": 1,
    "slug": "membuat-akun-alibaba-cloud"
  }
},
{
  "model": "course.module",
  "pk": 2,
  "fields": {
    "module_name": "Memilih Produk ECS",
    "course": 1,
    "slug": "memilih-produk-ecs"
  }
},
{
  "model": "course.module",
  "pk": 3,
  "fields": {
    "module_name": "Install Requirement",
    "course": 1,
    "slug": "install-requirement"
  }
},
{
  "model": "course.module",
  "pk": 4,
  "fields": {
    "module_name": "Setup Nginx",
    "course": 1,
    "slug": "setup-nginx"
  }
},
{
  "model": "course.module",
  "pk": 5,
  "fields": {
    "module_name": "Setup Domain Website",
    "course": 1,
    "slug": "setup-domain-website"
  }
},
{
  "model": "course.module",
  "pk": 6,
  "fields": {
    "module_name": "Setup Https",
    "course": 1,
    "slug": "setup-https"
  }
},
{
  "model": "course.module",
  "pk": 7,
  "fields": {
    "module_name": "Pengenalan Python",
    "course": 2,
    "slug": "pengenalan-python"
  }
},
{
  "model": "course.module",
  "pk": 8,
  "fields": {
    "module_name": "Operator",
    "course": 2,
    "slug": "operator"
  }
},
{
  "model": "course.module",
  "pk": 9,
  "fields": {
    "module_name": "Tipe Data Numerik",
    "course": 2,
    "slug": "tipe-data-numerik"
  }
},
{
  "model": "course.module",
  "pk": 10,
  "fields": {
    "module_name": "Pengenalan String",
    "course": 2,
    "slug": "pengenalan-string"
  }
},
{
  "model": "course.module",
  "pk": 11,
  "fields": {
    "module_name": "Manipulasi String",
    "course": 2,
    "slug": "manipulasi-string"
  }
},
{
  "model": "course.module",
  "pk": 12,
  "fields": {
    "module_name": "Komentar",
    "course": 2,
    "slug": "komentar"
  }
},
{
  "model": "course.modulecontent",
  "pk": 4,
  "fields": {
    "text": "<h2><span style=\"color:#000000\"><strong>Print</strong></span></h2>\r\n\r\n<p><span style=\"color:#000000\">Tahukah Anda? Python merupakan bahasa pemrograman yang lebih mudah dipelajari. Python adalah bahasa yang terinterpretasi, artinya Anda dapat menjalankan program segera setelah Anda membuat perubahan pada berkas yang membuat proses iterasi, revisi, dan pemecahan masalah program jauh lebih cepat dibandingkan bahasa pemrograman yang lain.</span></p>\r\n\r\n<p><span style=\"color:#000000\">Pada Python versi 3, penulisan &ldquo;print&rdquo; harus disertai () dan tuliskan apa yang Anda inginkan dalam tanda kurung.</span></p>\r\n\r\n<p><span style=\"color:#000000\">Mencetak kalimat:</span></p>\r\n\r\n<pre>\r\n<code class=\"language-python\">print(\"Saya sedang belajar Python\")</code></pre>\r\n\r\n<p><span style=\"color:#000000\">Mencetak angka:</span></p>\r\n\r\n<pre>\r\n<code class=\"language-python\">print(90)</code></pre>",
    "module": 7
  }
},
{
  "model": "course.modulecontent",
  "pk": 5,
  "fields": {
    "text": "<h2><span style=\"color:#000000\"><strong>Variabel</strong></span></h2>\r\n\r\n<p><span style=\"color:#000000\">Variabel digunakan untuk menyimpan suatu data. Dengan menyimpan data dalam variabel, maka data tersebut dapat dipergunakan kapanpun dengan cara memanggilnya. Penulisan variabel dapat dimulai dengan huruf A-Z atau a-z atau dengan garis bawah (_) yang selanjutnya dapat dikombinasikan dengan angka dan huruf. Penamaan suatu variabel tidak boleh diawali dengan angka.</span></p>\r\n\r\n<p><span style=\"color:#000000\">Contoh:</span></p>\r\n\r\n<pre>\r\n<code class=\"language-python\">spam = 2</code></pre>\r\n\r\n<p><span style=\"color:#000000\">Sekarang variabel spam telah menyimpan data yakni 2.</span></p>",
    "module": 7
  }
},
{
  "model": "course.modulecontent",
  "pk": 6,
  "fields": {
    "text": "<h2><span style=\"color:#000000\"><strong>Penugasan pada Variabel</strong></span></h2>\r\n\r\n<p><span style=\"color:#000000\">Penugasan suatu data kepada variabel merupakan perintah untuk menyimpan suatu data di dalam variabel. Hal ini sangat penting karena ketika Anda memerlukan data tersebut, Anda cukup memanggil variabel di mana data tersebut disimpan.</span></p>\r\n\r\n<p><span style=\"color:#000000\">Untuk menugaskan suatu data kepada variabel, hal pertama yang harus dilakukan adalah pendeklarasian variabel. Setelah itu, lakukan penugasan data tersebut kepada variabel menggunakan operator penugasan (=).</span></p>\r\n\r\n<p><span style=\"color:#000000\">Contoh program untuk mendeklarasikan dan inisialisasi variabel:</span></p>\r\n\r\n<pre>\r\n<code class=\"language-python\">a = \"halo\"\r\nprint(a)</code>\r\n</pre>\r\n\r\n<p><span style=\"color:#000000\">Contoh di atas merupakan contoh penugasan string </span><span style=\"color:#000000\"><strong>halo</strong></span><span style=\"color:#000000\"> kepada variabel a, kemudian menampilkan isi dari a menggunakan fungsi print.</span></p>",
    "module": 7
  }
},
{
  "model": "course.modulecontent",
  "pk": 7,
  "fields": {
    "text": "<p><span style=\"font-size:11pt\"><span style=\"font-family:Arial\"><span style=\"color:#000000\">Operator merupakan suatu simbol yang digunakan dalam program untuk melakukan suatu operasi atau manipulasi terhadap data atau operand.</span></span></span></p>\r\n\r\n<p><span style=\"font-size:11pt\"><span style=\"font-family:Arial\"><span style=\"color:#000000\">Beberapa kegunaan operator:</span></span></span></p>\r\n\r\n<ul>\r\n\t<li><span style=\"font-size:11pt\"><span style=\"font-family:Arial\"><span style=\"color:#000000\">Operasi matematis (penjumlahan, pengurangan, perkalian, pembagian, dll)</span></span></span></li>\r\n\t<li><span style=\"font-size:11pt\"><span style=\"font-family:Arial\"><span style=\"color:#000000\">Memberikan nilai kepada suatu variabel (operasi penugasan)</span></span></span></li>\r\n\t<li><span style=\"font-size:11pt\"><span style=\"font-family:Arial\"><span style=\"color:#000000\">Operasi logika</span></span></span></li>\r\n</ul>\r\n\r\n<p><span style=\"font-size:11pt\"><span style=\"font-family:Arial\"><span style=\"color:#000000\">Contoh:</span></span></span></p>\r\n\r\n<pre>\r\n<code class=\"language-python\">a + b</code></pre>\r\n\r\n<p><span style=\"font-size:11pt\"><span style=\"font-family:Arial\"><span style=\"color:#000000\">Pada contoh di atas, simbol + merupakan operator untuk melakukan operasi penjumlahan dua buah operand, yakni a dan b.</span></span></span></p>",
    "module": 8
  }
},
{
  "model": "course.modulecontent",
  "pk": 8,
  "fields": {
    "text": "<h2><span style=\"font-size:17pt\"><span style=\"font-family:Arial\"><span style=\"color:#000000\"><strong>Operator Aritmatika</strong></span></span></span><span style=\"font-size:11pt\"><span style=\"font-family:Arial\"><span style=\"color:#000000\">&nbsp;&nbsp;&nbsp; </span></span></span><span style=\"font-size:11pt\"><span style=\"font-family:Arial\"><span style=\"color:#000000\">&nbsp;&nbsp;&nbsp; </span></span></span></h2>\r\n\r\n<p><span style=\"font-size:11pt\"><span style=\"font-family:Arial\"><span style=\"color:#000000\">Operator aritmatika digunakan dalam berbagai operasi matematika. Berikut ini adalah operator-operator aritmatika yang tergolong dalam operator binary:</span></span></span></p>\r\n\r\n<ul>\r\n\t<li><span style=\"font-size:11pt\"><span style=\"font-family:Arial\"><span style=\"color:#000000\">Pengurangan ( - )</span></span></span>&nbsp;</li>\r\n</ul>\r\n\r\n<p style=\"margin-left:40px\"><span style=\"font-size:11pt\"><span style=\"font-family:Arial\"><span style=\"color:#000000\">Contoh: </span></span></span></p>\r\n\r\n<pre>\r\n<code class=\"language-python\">9-5</code></pre>\r\n\r\n<ul>\r\n\t<li><span style=\"font-size:11pt\"><span style=\"font-family:Arial\"><span style=\"color:#000000\">Penjumlahan ( + )</span></span></span></li>\r\n</ul>\r\n\r\n<p style=\"margin-left:40px\"><span style=\"font-size:11pt\"><span style=\"font-family:Arial\"><span style=\"color:#000000\">Contoh:</span></span></span></p>\r\n\r\n<pre>\r\n<code class=\"language-python\">3+1</code></pre>\r\n\r\n<ul>\r\n\t<li><span style=\"font-size:11pt\"><span style=\"font-family:Arial\"><span style=\"color:#000000\">Perkalian ( * )</span></span></span></li>\r\n</ul>\r\n\r\n<p style=\"margin-left:40px\"><span style=\"font-size:11pt\"><span style=\"font-family:Arial\"><span style=\"color:#000000\">Contoh: </span></span></span></p>\r\n\r\n<pre>\r\n<code class=\"language-python\">8*3</code></pre>\r\n\r\n<ul>\r\n\t<li><span style=\"font-size:11pt\"><span style=\"font-family:Arial\"><span style=\"color:#000000\">Pembagian ( / )</span></span></span></li>\r\n</ul>\r\n\r\n<p style=\"margin-left:40px\"><span style=\"font-size:11pt\"><span style=\"font-family:Arial\"><span style=\"color:#000000\">Contoh:</span></span></span></p>\r\n\r\n<pre>\r\n<code class=\"language-python\">60/5</code></pre>\r\n\r\n<ul>\r\n\t<li><span style=\"font-size:11pt\"><span style=\"font-family:Arial\"><span style=\"color:#000000\">Sisa pembagian atau modulus( % )</span></span></span></li>\r\n</ul>\r\n\r\n<p style=\"margin-left:40px\"><span style=\"font-size:11pt\"><span style=\"font-family:Arial\"><span style=\"color:#000000\">Contoh: </span></span></span></p>\r\n\r\n<pre>\r\n<code class=\"language-python\">8%3</code></pre>\r\n\r\n<ul>\r\n\t<li><span style=\"font-size:11pt\"><span style=\"font-family:Arial\"><span style=\"color:#000000\">Perpangkatan ( ** )</span></span></span></li>\r\n</ul>\r\n\r\n<p style=\"margin-left:40px\"><span style=\"font-size:11pt\"><span style=\"font-family:Arial\"><span style=\"color:#000000\">Contoh: </span></span></span></p>\r\n\r\n<pre>\r\n<code class=\"language-python\">7**2</code></pre>\r\n\r\n<p><span style=\"font-size:11pt\"><span style=\"font-family:Arial\"><span style=\"color:#000000\">Adapun operator-operator yang tergolong operator unary adalah:</span></span></span></p>\r\n\r\n<ul>\r\n\t<li><span style=\"font-size:11pt\"><span style=\"font-family:Arial\"><span style=\"color:#000000\">Plus ( + )</span></span></span></li>\r\n</ul>\r\n\r\n<p style=\"margin-left:40px\"><span style=\"font-size:11pt\"><span style=\"font-family:Arial\"><span style=\"color:#000000\">Contoh: </span></span></span></p>\r\n\r\n<pre>\r\n<code class=\"language-python\">+7</code></pre>\r\n\r\n<ul>\r\n\t<li><span style=\"font-size:11pt\"><span style=\"font-family:Arial\"><span style=\"color:#000000\">Minus ( - )</span></span></span></li>\r\n</ul>\r\n\r\n<p style=\"margin-left:40px\"><span style=\"font-size:11pt\"><span style=\"font-family:Arial\"><span style=\"color:#000000\">Contoh: </span></span></span></p>\r\n\r\n<pre>\r\n<code class=\"language-python\">-5</code></pre>\r\n\r\n<ul>\r\n\t<li><span style=\"font-size:11pt\"><span style=\"font-family:Arial\"><span style=\"color:#000000\">Negasi ( ~ )</span></span></span></li>\r\n</ul>\r\n\r\n<p style=\"margin-left:40px\"><span style=\"font-size:11pt\"><span style=\"font-family:Arial\"><span style=\"color:#000000\">Contoh: </span></span></span></p>\r\n\r\n<pre>\r\n<code class=\"language-python\">~4</code></pre>",
    "module": 8
  }
},
{
  "model": "course.modulecontent",
  "pk": 9,
  "fields": {
    "text": "<h2><span style=\"font-size:17pt\"><span style=\"font-family:Arial\"><span style=\"color:#000000\"><strong>Operator Bitwise (AND)</strong></span></span></span><span style=\"font-size:11pt\"><span style=\"font-family:Arial\"><span style=\"color:#000000\">&nbsp;&nbsp; </span></span></span><span style=\"font-size:11pt\"><span style=\"font-family:Arial\"><span style=\"color:#000000\">&nbsp;&nbsp;&nbsp; </span></span></span></h2>\r\n\r\n<p><span style=\"font-size:11pt\"><span style=\"font-family:Arial\"><span style=\"color:#000000\">Operator bitwise merupakan operator yang digunakan untuk memanipulasi data dalam bentuk bit. Dalam pemrograman Python, terdapat lima buah operator bitwise yang dapat digunakan untuk memanipulasi data dalam bentuk bit. Operator tersebut adalah:</span></span></span></p>\r\n\r\n<pre>\r\n<code class=\"language-python\">AND</code></pre>\r\n\r\n<pre>\r\n<code class=\"language-python\">Operand_1 &amp; Operand_2</code></pre>\r\n\r\n<p><span style=\"font-size:11pt\"><span style=\"font-family:Arial\"><span style=\"color:#000000\">Hasil operasi per bit pada penggunaan operator AND yaitu:</span></span></span></p>\r\n\r\n<ul>\r\n\t<li style=\"list-style-type:disc\"><span style=\"font-size:11pt\"><span style=\"font-family:Arial\"><span style=\"color:#000000\">Output akan bernilai False jika terdapat minimal satu dari input/bit yang dibandingkan bernilai False</span></span></span></li>\r\n\t<li style=\"list-style-type:disc\"><span style=\"font-size:11pt\"><span style=\"font-family:Arial\"><span style=\"color:#000000\">Output akan bernilai True jika semua input/bit yang dibandingkan bernilai True</span></span></span></li>\r\n</ul>\r\n\r\n<p><span style=\"font-size:11pt\"><span style=\"font-family:Arial\"><span style=\"color:#000000\">Contoh:</span></span></span></p>\r\n\r\n<ul>\r\n\t<li style=\"list-style-type:disc\"><span style=\"font-size:11pt\"><span style=\"font-family:Arial\"><span style=\"color:#000000\">Hasil yang bernilai True</span></span></span></li>\r\n</ul>\r\n\r\n<pre style=\"margin-left:40px\">\r\n<code class=\"language-python\">1&lt;4 and 2&gt;1</code></pre>\r\n\r\n<pre style=\"margin-left:40px\">\r\n<span style=\"font-size:11pt\"><span style=\"font-family:Arial\"><span style=\"color:#000000\">adalah</span></span></span>\r\n<code>True</code></pre>\r\n\r\n<ul>\r\n\t<li style=\"list-style-type:disc\"><span style=\"font-size:11pt\"><span style=\"font-family:Arial\"><span style=\"color:#000000\">Hasil yang bernilai False</span></span></span></li>\r\n</ul>\r\n\r\n<pre style=\"margin-left:40px\">\r\n<code class=\"language-python\">8&gt;13 and 4&lt;7</code></pre>\r\n\r\n<pre style=\"margin-left:40px\">\r\n<span style=\"font-size:11pt\"><span style=\"font-family:Arial\"><span style=\"color:#000000\">adalah</span></span></span>\r\n<code>False</code></pre>",
    "module": 8
  }
},
{
  "model": "course.modulecontent",
  "pk": 10,
  "fields": {
    "text": "<h2><span style=\"font-size:17pt\"><span style=\"font-family:Arial\"><span style=\"color:#000000\"><strong>Operator Bitwise (OR)</strong></span></span></span><span style=\"font-size:11pt\"><span style=\"font-family:Arial\"><span style=\"color:#000000\">&nbsp; </span></span></span><span style=\"font-size:11pt\"><span style=\"font-family:Arial\"><span style=\"color:#000000\">&nbsp;&nbsp;&nbsp; </span></span></span></h2>\r\n\r\n<ol>\r\n\t<li style=\"list-style-type:decimal\"><span style=\"font-size:11pt\"><span style=\"font-family:Arial\"><span style=\"color:#000000\">Hasil operasi OR akan bernilai True apabila minimal satu dari input bernilai True.</span></span></span></li>\r\n\t<li style=\"list-style-type:decimal\"><span style=\"font-size:11pt\"><span style=\"font-family:Arial\"><span style=\"color:#000000\">Hasil operasi OR akan bernilai False apabila semua input yang dibandingkan bernilai False.</span></span></span></li>\r\n</ol>\r\n\r\n<p><span style=\"font-size:11pt\"><span style=\"font-family:Arial\"><span style=\"color:#000000\">Contoh:</span></span></span></p>\r\n\r\n<ul>\r\n\t<li><span style=\"font-size:11pt\"><span style=\"font-family:Arial\"><span style=\"color:#000000\">Hasil yang bernilai <code>True</code></span></span></span></li>\r\n</ul>\r\n\r\n<pre style=\"margin-left:40px\">\r\n<code class=\"language-python\">1 &lt; 2 or 8 &gt; 6</code></pre>\r\n\r\n<ul>\r\n\t<li><span style=\"font-size:11pt\"><span style=\"font-family:Arial\"><span style=\"color:#000000\">Hasil yang bernilai <code>False</code></span></span></span></li>\r\n</ul>\r\n\r\n<pre style=\"margin-left:40px\">\r\n<code class=\"language-python\">4 &lt; 1 or 6 + 1 == 3</code></pre>",
    "module": 8
  }
},
{
  "model": "course.modulecontent",
  "pk": 11,
  "fields": {
    "text": "<h2><span style=\"font-size:17pt\"><span style=\"font-family:Arial\"><span style=\"color:#000000\"><strong>Integer</strong></span></span></span><span style=\"font-size:11pt\"><span style=\"font-family:Arial\"><span style=\"color:#000000\">&nbsp;</span></span></span><span style=\"font-size:11pt\"><span style=\"font-family:Arial\"><span style=\"color:#000000\">&nbsp;&nbsp;&nbsp; </span></span></span></h2>\r\n\r\n<p><span style=\"font-size:11pt\"><span style=\"font-family:Arial\"><span style=\"color:#000000\">Integer merupakan tipe data yang digunakan untuk menangani bilangan bulat. Tipe data integer pada Python meliputi int dan long.</span></span></span></p>\r\n\r\n<p><span style=\"font-size:11pt\"><span style=\"font-family:Arial\"><span style=\"color:#000000\">Tipe </span></span></span><span style=\"font-size:11pt\"><span style=\"font-family:Arial\"><span style=\"color:#000000\"><strong>int</strong></span></span></span><span style=\"font-size:11pt\"><span style=\"font-family:Arial\"><span style=\"color:#000000\"> memiliki rentang dari -2147483648 sampai 2147483647, sedangkan </span></span></span><span style=\"font-size:11pt\"><span style=\"font-family:Arial\"><span style=\"color:#000000\"><strong>long</strong></span></span></span><span style=\"font-size:11pt\"><span style=\"font-family:Arial\"><span style=\"color:#000000\"> memiliki rentang yang jauh lebih besar.</span></span></span></p>\r\n\r\n<p><span style=\"font-size:11pt\"><span style=\"font-family:Arial\"><span style=\"color:#000000\">Penulisan bilangan integer dapat dilakukan dalam bentuk desimal (basis 10) yang merupakan format </span></span></span><span style=\"font-size:11pt\"><span style=\"font-family:Arial\"><span style=\"color:#000000\"><em>default</em></span></span></span><span style=\"font-size:11pt\"><span style=\"font-family:Arial\"><span style=\"color:#000000\">, bentuk oktal (basis 8) dan heksadesimal (basis 16).</span></span></span></p>\r\n\r\n<p><span style=\"font-size:11pt\"><span style=\"font-family:Arial\"><span style=\"color:#000000\">Contoh penulisan bilangan </span></span></span><span style=\"font-size:11pt\"><span style=\"font-family:Arial\"><span style=\"color:#000000\"><em>integer</em></span></span></span><span style=\"font-size:11pt\"><span style=\"font-family:Arial\"><span style=\"color:#000000\"> dalam format desimal, oktal, dan heksadesimal:</span></span></span></p>\r\n\r\n<pre>\r\n<code class=\"language-python\">300     #desimal</code></pre>\r\n\r\n<pre>\r\n<code class=\"language-python\">0454    #oktal (= 300)</code></pre>\r\n\r\n<pre>\r\n<code class=\"language-python\">0x12c    #heksadesimal (= 300)</code></pre>\r\n\r\n<p><span style=\"font-size:11pt\"><span style=\"font-family:Arial\"><span style=\"color:#000000\">Contoh sintaks untuk mengkonversi suatu bilangan menjadi integer:</span></span></span></p>\r\n\r\n<ol>\r\n\t<li style=\"list-style-type:decimal\"><span style=\"font-size:11pt\"><span style=\"font-family:Arial\"><span style=\"color:#000000\">Diketahui suatu bilangan bernilai 7.8 (bukan integer).</span></span></span></li>\r\n\t<li style=\"list-style-type:decimal\"><span style=\"font-size:11pt\"><span style=\"font-family:Arial\"><span style=\"color:#000000\">Konversi angka tersebut sehingga bertipe integer:</span></span></span></li>\r\n</ol>\r\n\r\n<pre>\r\n<code class=\"language-python\">int(7.8)</code></pre>\r\n\r\n<p><span style=\"font-size:11pt\"><span style=\"font-family:Arial\"><span style=\"color:#000000\">#Hasilnya = 7</span></span></span></p>",
    "module": 9
  }
},
{
  "model": "course.modulecontent",
  "pk": 12,
  "fields": {
    "text": "<h2><span style=\"font-size:17pt\"><span style=\"font-family:Arial\"><span style=\"color:#000000\"><strong>Float</strong></span></span></span><span style=\"font-size:11pt\"><span style=\"font-family:Arial\"><span style=\"color:#000000\">&nbsp;&nbsp;&nbsp; </span></span></span><span style=\"font-size:11pt\"><span style=\"font-family:Arial\"><span style=\"color:#000000\">&nbsp;&nbsp;&nbsp; </span></span></span></h2>\r\n\r\n<p><span style=\"font-size:11pt\"><span style=\"font-family:Arial\"><span style=\"color:#000000\">Tipe data float digunakan untuk menangani bilangan pecahan.</span></span></span></p>\r\n\r\n<p><span style=\"font-size:11pt\"><span style=\"font-family:Arial\"><span style=\"color:#000000\">Sekarang, kita akan menerapkan konsep-konsep dari bagian sebelumnya dengan contoh di dunia nyata.</span></span></span></p>\r\n\r\n<p><span style=\"font-size:11pt\"><span style=\"font-family:Arial\"><span style=\"color:#000000\">Anda sudah selesai makan di sebuah restoran, dan menerima tagihan ini:</span></span></span></p>\r\n\r\n<ul>\r\n\t<li style=\"list-style-type:disc\"><span style=\"font-size:11pt\"><span style=\"font-family:Arial\"><span style=\"color:#000000\">Harga makanan:</span></span></span></li>\r\n</ul>\r\n\r\n<pre>\r\n<code class=\"language-python\">$5.5</code></pre>\r\n\r\n<ul>\r\n\t<li style=\"list-style-type:disc\"><span style=\"font-size:11pt\"><span style=\"font-family:Arial\"><span style=\"color:#000000\">Pajak restoran : </span></span></span></li>\r\n</ul>\r\n\r\n<pre>\r\n<code class=\"language-python\">10%</code></pre>\r\n\r\n<pre style=\"margin-left:40px\">\r\n\r\n&nbsp;</pre>",
    "module": 9
  }
},
{
  "model": "course.modulecontent",
  "pk": 13,
  "fields": {
    "text": "<p><span style=\"font-size:11pt\"><span style=\"font-family:Arial\"><span style=\"color:#000000\"><em>String</em></span></span></span><span style=\"font-size:11pt\"><span style=\"font-family:Arial\"><span style=\"color:#000000\"> merupakan sebuah karakter atau sekumpulan karakter yang berada di dalam tanda petik. Untuk mendeskripsikan suatu </span></span></span><span style=\"font-size:11pt\"><span style=\"font-family:Arial\"><span style=\"color:#000000\"><em>string</em></span></span></span><span style=\"font-size:11pt\"><span style=\"font-family:Arial\"><span style=\"color:#000000\">, Anda dapat menggunakan tanda petik tunggal (</span></span></span><span style=\"font-size:11pt\"><span style=\"font-family:Arial\"><span style=\"color:#000000\"><strong> &#39; </strong></span></span></span><span style=\"font-size:11pt\"><span style=\"font-family:Arial\"><span style=\"color:#000000\">) maupun petik ganda (</span></span></span><span style=\"font-size:11pt\"><span style=\"font-family:Arial\"><span style=\"color:#000000\"><strong> &quot; </strong></span></span></span><span style=\"font-size:11pt\"><span style=\"font-family:Arial\"><span style=\"color:#000000\">).</span></span></span></p>\r\n\r\n<p><span style=\"font-size:11pt\"><span style=\"font-family:Arial\"><span style=\"color:#000000\">Contoh penulisan </span></span></span><span style=\"font-size:11pt\"><span style=\"font-family:Arial\"><span style=\"color:#000000\"><em>string</em></span></span></span><span style=\"font-size:11pt\"><span style=\"font-family:Arial\"><span style=\"color:#000000\">:</span></span></span></p>\r\n\r\n<pre>\r\n<span style=\"font-size:11pt\"><span style=\"font-family:Arial\"><span style=\"color:#000000\"><em>String</em></span></span></span><span style=\"font-size:11pt\"><span style=\"font-family:Arial\"><span style=\"color:#000000\"> dengan petik tunggal:</span></span></span>\r\n</pre>\r\n\r\n<pre>\r\n<code class=\"language-python\">'halo, ini adalah string'</code></pre>\r\n\r\n<pre>\r\n<span style=\"font-size:11pt\"><span style=\"font-family:Arial\"><span style=\"color:#000000\"><em>String</em> dengan petik ganda:</span></span></span></pre>\r\n\r\n<pre>\r\n<code class=\"language-python\">\"halo, ini adalah string\"</code></pre>",
    "module": 10
  }
},
{
  "model": "course.modulecontent",
  "pk": 14,
  "fields": {
    "text": "<h2><span style=\"font-size:17pt\"><span style=\"font-family:Arial\"><span style=\"color:#000000\"><strong>Pengaksesan Anggota String Mengakses Karakter ke-n</strong></span></span></span></h2>\r\n\r\n<p><span style=\"font-size:11pt\"><span style=\"font-family:Arial\"><span style=\"color:#000000\">Untuk menampilkan karakter tertentu pada suatu </span></span></span><span style=\"font-size:11pt\"><span style=\"font-family:Arial\"><span style=\"color:#000000\"><em>string</em></span></span></span><span style=\"font-size:11pt\"><span style=\"font-family:Arial\"><span style=\"color:#000000\">, dapat dilakukan dengan cara mengakses indeks </span></span></span><span style=\"font-size:11pt\"><span style=\"font-family:Arial\"><span style=\"color:#000000\"><em>string</em></span></span></span><span style=\"font-size:11pt\"><span style=\"font-family:Arial\"><span style=\"color:#000000\"> yang diapit oleh tanda </span></span></span><span style=\"font-size:11pt\"><span style=\"font-family:Arial\"><span style=\"color:#000000\"><strong>[ ]</strong></span></span></span><span style=\"font-size:11pt\"><span style=\"font-family:Arial\"><span style=\"color:#000000\">.</span></span></span></p>\r\n\r\n<p><span style=\"font-size:11pt\"><span style=\"font-family:Arial\"><span style=\"color:#000000\">Format penulisan sintaksnya adalah:</span></span></span></p>\r\n\r\n<pre>\r\n<code class=\"language-python\">nama_variabel[indeks]</code></pre>\r\n\r\n<pre>\r\n<span style=\"font-size:11pt\"><span style=\"font-family:Arial\"><span style=\"color:#000000\">Contoh pengaksesan anggota </span></span></span><span style=\"font-size:11pt\"><span style=\"font-family:Arial\"><span style=\"color:#000000\"><em>string</em></span></span></span><span style=\"font-size:11pt\"><span style=\"font-family:Arial\"><span style=\"color:#000000\">:</span></span></span>\r\n</pre>\r\n\r\n<pre>\r\n<code class=\"language-python\">a = \"Pemrograman Python\"\r\n\r\nprint (a[3])</code></pre>\r\n\r\n<p><span style=\"font-size:11pt\"><span style=\"font-family:Arial\"><span style=\"color:#000000\">Maka hasilnya:</span></span></span></p>\r\n\r\n<p><span style=\"font-size:11pt\"><span style=\"font-family:Arial\"><span style=\"color:#000000\">r</span></span></span></p>",
    "module": 10
  }
},
{
  "model": "course.modulecontent",
  "pk": 15,
  "fields": {
    "text": "<h2><span style=\"font-size:17pt\"><span style=\"font-family:Arial\"><span style=\"color:#000000\"><strong>Pengaksesan Anggota String Sebelum Indeks ke n</strong></span></span></span><span style=\"font-size:11pt\"><span style=\"font-family:Arial\"><span style=\"color:#000000\">&nbsp;&nbsp; </span></span></span><span style=\"font-size:11pt\"><span style=\"font-family:Arial\"><span style=\"color:#000000\">&nbsp;&nbsp;&nbsp; </span></span></span></h2>\r\n\r\n<p><span style=\"font-size:11pt\"><span style=\"font-family:Arial\"><span style=\"color:#000000\">Yay! Anda telah berhasil mengakses karakter ke-n dari sebuah </span></span></span><span style=\"font-size:11pt\"><span style=\"font-family:Arial\"><span style=\"color:#000000\"><em>string</em></span></span></span><span style=\"font-size:11pt\"><span style=\"font-family:Arial\"><span style=\"color:#000000\">. Sekarang, untuk menampilkan karakter sebelum indeks ke </span></span></span><span style=\"font-size:11pt\"><span style=\"font-family:Arial\"><span style=\"color:#000000\"><em>n</em></span></span></span><span style=\"font-size:11pt\"><span style=\"font-family:Arial\"><span style=\"color:#000000\">, maka sintaks yang digunakan adalah sebagai berikut:</span></span></span></p>\r\n\r\n<pre>\r\n<code class=\"language-python\">print(nama_variabel[:n-1])</code></pre>\r\n\r\n<p><span style=\"font-size:11pt\"><span style=\"font-family:Arial\"><span style=\"color:#000000\">Contoh:</span></span></span></p>\r\n\r\n<pre>\r\n<code class=\"language-python\">x = \"Saya cinta Indonesia\"\r\n\r\nprint(x[:3])</code></pre>\r\n\r\n<pre>\r\n<span style=\"font-size:11pt\"><span style=\"font-family:Arial\"><span style=\"color:#000000\">Maka outputnya adalah:</span></span></span>\r\n</pre>\r\n\r\n<p><span style=\"font-size:11pt\"><span style=\"font-family:Arial\"><span style=\"color:#000000\">Say</span></span></span></p>\r\n\r\n<p><span style=\"font-size:11pt\"><span style=\"font-family:Arial\"><span style=\"color:#000000\">Contoh di atas merupakan program untuk menampilkan karakter sebelum karakter ke-4.</span></span></span></p>",
    "module": 10
  }
},
{
  "model": "course.modulecontent",
  "pk": 16,
  "fields": {
    "text": "<h2><span style=\"font-size:17pt\"><span style=\"font-family:Arial\"><span style=\"color:#000000\"><strong>Pengaksesan Anggota String Karakter ke n dan Setelahnya</strong></span></span></span></h2>\r\n\r\n<p><span style=\"font-size:11pt\"><span style=\"font-family:Arial\"><span style=\"color:#000000\">Selamat! Anda telah berhasil mengakses karakter sebelum karakter ke-n dari sebuah </span></span></span><span style=\"font-size:11pt\"><span style=\"font-family:Arial\"><span style=\"color:#000000\"><em>string</em></span></span></span><span style=\"font-size:11pt\"><span style=\"font-family:Arial\"><span style=\"color:#000000\">. Sekarang, untuk menampilkan karakter ke </span></span></span><span style=\"font-size:11pt\"><span style=\"font-family:Arial\"><span style=\"color:#000000\"><em>n</em></span></span></span><span style=\"font-size:11pt\"><span style=\"font-family:Arial\"><span style=\"color:#000000\"> dan setelahnya, maka sintaks yang digunakan adalah sebagai berikut:</span></span></span></p>\r\n\r\n<pre>\r\n<code class=\"language-python\">print(nama_variabel[n-1:])</code></pre>\r\n\r\n<p><span style=\"font-size:11pt\"><span style=\"font-family:Arial\"><span style=\"color:#000000\">Contoh:</span></span></span></p>\r\n\r\n<pre>\r\n<code class=\"language-python\">x = \"Saya cinta Indonesia\"\r\n\r\nprint(x[3:])</code></pre>\r\n\r\n<p><span style=\"font-size:11pt\"><span style=\"font-family:Arial\"><span style=\"color:#000000\">Maka outputnya adalah:</span></span></span></p>\r\n\r\n<p><span style=\"font-size:11pt\"><span style=\"font-family:Arial\"><span style=\"color:#000000\">a cinta Indonesia</span></span></span></p>\r\n\r\n<p><span style=\"font-size:11pt\"><span style=\"font-family:Arial\"><span style=\"color:#000000\">Contoh di atas merupakan program untuk menampilkan karakter yang ada pada indeks ke-4 dan setelahnya.</span></span></span></p>",
    "module": 10
  }
},
{
  "model": "course.modulecontent",
  "pk": 17,
  "fields": {
    "text": "<h2><span style=\"font-size:17pt\"><span style=\"font-family:Arial\"><span style=\"color:#000000\"><strong>upper()</strong></span></span></span><span style=\"font-size:11pt\"><span style=\"font-family:Arial\"><span style=\"color:#000000\">&nbsp;&nbsp;&nbsp; </span></span></span><span style=\"font-size:11pt\"><span style=\"font-family:Arial\"><span style=\"color:#000000\">&nbsp;&nbsp;&nbsp; </span></span></span></h2>\r\n\r\n<p><span style=\"font-size:11pt\"><span style=\"font-family:Arial\"><span style=\"color:#000000\">Fungsi </span></span></span><span style=\"font-size:11pt\"><span style=\"font-family:Arial\"><span style=\"color:#000000\"><strong>upper()</strong></span></span></span><span style=\"font-size:11pt\"><span style=\"font-family:Arial\"><span style=\"color:#000000\"> digunakan untuk mengubah ukuran huruf menjadi huruf besar/kapital secara keseluruhan.</span></span></span></p>\r\n\r\n<p><span style=\"font-size:11pt\"><span style=\"font-family:Arial\"><span style=\"color:#000000\">Contoh penulisan sintaks:</span></span></span></p>\r\n\r\n<pre>\r\n<code>kata = &quot;Halo, nama saya Afif.&quot;</code>\r\n\r\n<code>print(kata.upper())</code></pre>\r\n\r\n<p><span style=\"font-size:11pt\"><span style=\"font-family:Arial\"><span style=\"color:#000000\">Maka outputnya adalah:</span></span></span></p>\r\n\r\n<p><samp>HALO, NAMA SAYA AFIF.</samp></p>",
    "module": 11
  }
},
{
  "model": "course.modulecontent",
  "pk": 18,
  "fields": {
    "text": "<h2><span style=\"font-size:17pt\"><span style=\"font-family:Arial\"><span style=\"color:#000000\"><strong>lower()</strong></span></span></span><span style=\"font-size:11pt\"><span style=\"font-family:Arial\"><span style=\"color:#000000\">&nbsp;&nbsp;&nbsp; </span></span></span><span style=\"font-size:11pt\"><span style=\"font-family:Arial\"><span style=\"color:#000000\">&nbsp;&nbsp;&nbsp; </span></span></span></h2>\r\n\r\n<p><span style=\"font-size:11pt\"><span style=\"font-family:Arial\"><span style=\"color:#000000\">Fungsi </span></span></span><span style=\"font-size:11pt\"><span style=\"font-family:Arial\"><span style=\"color:#000000\"><strong>lower()</strong></span></span></span><span style=\"font-size:11pt\"><span style=\"font-family:Arial\"><span style=\"color:#000000\"> digunakan untuk mengubah ukuran huruf menjadi huruf kecil secara keseluruhan.</span></span></span></p>\r\n\r\n<p><span style=\"font-size:11pt\"><span style=\"font-family:Arial\"><span style=\"color:#000000\">Contoh penulisan sintaks:</span></span></span></p>\r\n\r\n<pre>\r\n<code>kata = &quot;Hari ini Sinta akan pulang.&quot;</code>\r\n\r\n<code>print(kata.lower())</code></pre>\r\n\r\n<p><span style=\"font-size:11pt\"><span style=\"font-family:Arial\"><span style=\"color:#000000\">Maka outputnya adalah:</span></span></span></p>\r\n\r\n<p><samp>hari ini sinta akan pulang.</samp></p>",
    "module": 11
  }
},
{
  "model": "course.modulecontent",
  "pk": 19,
  "fields": {
    "text": "<h2><span style=\"font-size:17pt\"><span style=\"font-family:Arial\"><span style=\"color:#000000\"><strong>len()</strong></span></span></span><span style=\"font-size:11pt\"><span style=\"font-family:Arial\"><span style=\"color:#000000\">&nbsp;&nbsp;&nbsp; </span></span></span><span style=\"font-size:11pt\"><span style=\"font-family:Arial\"><span style=\"color:#000000\">&nbsp;&nbsp;&nbsp; </span></span></span></h2>\r\n\r\n<p><span style=\"font-size:11pt\"><span style=\"font-family:Arial\"><span style=\"color:#000000\">Untuk mengetahui panjang dari suatu </span></span></span><span style=\"font-size:11pt\"><span style=\"font-family:Arial\"><span style=\"color:#000000\"><em>string</em></span></span></span><span style=\"font-size:11pt\"><span style=\"font-family:Arial\"><span style=\"color:#000000\">, Anda dapat menggunakan fungsi </span></span></span><span style=\"font-size:11pt\"><span style=\"font-family:Arial\"><span style=\"color:#000000\"><strong>len()</strong></span></span></span><span style=\"font-size:11pt\"><span style=\"font-family:Arial\"><span style=\"color:#000000\"> yang telah disediakan oleh Python. Fungsi ini merupakan fungsi </span></span></span><span style=\"font-size:11pt\"><span style=\"font-family:Arial\"><span style=\"color:#000000\"><em>built-in</em></span></span></span><span style=\"font-size:11pt\"><span style=\"font-family:Arial\"><span style=\"color:#000000\"> Python.</span></span></span></p>\r\n\r\n<p><span style=\"font-size:11pt\"><span style=\"font-family:Arial\"><span style=\"color:#000000\">Contoh penulisan sintaks:</span></span></span></p>\r\n\r\n<pre>\r\n<code>kata = &quot;Indonesia Raya&quot;</code>\r\n\r\n<code>print(len(kata))</code></pre>\r\n\r\n<p><span style=\"font-size:11pt\"><span style=\"font-family:Arial\"><span style=\"color:#000000\">Output yang dihasilkan adalah:</span></span></span></p>\r\n\r\n<p><span style=\"font-size:11pt\"><span style=\"font-family:Arial\"><span style=\"color:#000000\">14</span></span></span></p>\r\n\r\n<p><span style=\"font-size:11pt\"><span style=\"font-family:Arial\"><span style=\"color:#000000\">Catatan: spasi dihitung sebagai satu karakter.</span></span></span></p>",
    "module": 11
  }
},
{
  "model": "course.modulecontent",
  "pk": 20,
  "fields": {
    "text": "<h2><span style=\"font-size:17pt\"><span style=\"font-family:Arial\"><span style=\"color:#000000\"><strong>join()</strong></span></span></span><span style=\"font-size:11pt\"><span style=\"font-family:Arial\"><span style=\"color:#000000\">&nbsp;&nbsp;&nbsp; </span></span></span><span style=\"font-size:11pt\"><span style=\"font-family:Arial\"><span style=\"color:#000000\">&nbsp;&nbsp;&nbsp; </span></span></span></h2>\r\n\r\n<p><span style=\"font-size:11pt\"><span style=\"font-family:Arial\"><span style=\"color:#000000\">Untuk menggabungkan </span></span></span><span style=\"font-size:11pt\"><span style=\"font-family:Arial\"><span style=\"color:#000000\"><em>string</em></span></span></span><span style=\"font-size:11pt\"><span style=\"font-family:Arial\"><span style=\"color:#000000\"> yang terdapat dalam </span></span></span><span style=\"font-size:11pt\"><span style=\"font-family:Arial\"><span style=\"color:#000000\"><em>list, tuple,</em></span></span></span><span style=\"font-size:11pt\"><span style=\"font-family:Arial\"><span style=\"color:#000000\"> ataupun set, Anda dapat menggunakan fungsi </span></span></span><span style=\"font-size:11pt\"><span style=\"font-family:Arial\"><span style=\"color:#000000\"><strong>join()</strong></span></span></span><span style=\"font-size:11pt\"><span style=\"font-family:Arial\"><span style=\"color:#000000\">. Fungsi ini sama dengan operasi penjumlahan pada </span></span></span><span style=\"font-size:11pt\"><span style=\"font-family:Arial\"><span style=\"color:#000000\"><em>string</em></span></span></span><span style=\"font-size:11pt\"><span style=\"font-family:Arial\"><span style=\"color:#000000\">.</span></span></span></p>\r\n\r\n<p><span style=\"font-size:11pt\"><span style=\"font-family:Arial\"><span style=\"color:#000000\">Contoh menggabungkan String</span></span></span></p>\r\n\r\n<pre>\r\n<code>anggota = [&#39;Ani&#39;, &#39;Caca&#39;, &#39;Cessa&#39;]</code>\r\n\r\n<code>print(&quot;List anggota: &quot;+&quot;&quot;.join(anggota))</code></pre>\r\n\r\n<p><span style=\"font-size:11pt\"><span style=\"font-family:Arial\"><span style=\"color:#000000\">Outputnya adalah:</span></span></span></p>\r\n\r\n<p><span style=\"font-size:11pt\"><span style=\"font-family:Arial\"><span style=\"color:#000000\">AniCacaCessa</span></span></span></p>",
    "module": 11
  }
},
{
  "model": "course.modulecontent",
  "pk": 21,
  "fields": {
    "text": "<h2><span style=\"font-size:17pt\"><span style=\"font-family:Arial\"><span style=\"color:#000000\"><strong>replace()</strong></span></span></span><span style=\"font-size:11pt\"><span style=\"font-family:Arial\"><span style=\"color:#000000\">&nbsp;&nbsp;&nbsp; </span></span></span><span style=\"font-size:11pt\"><span style=\"font-family:Arial\"><span style=\"color:#000000\">&nbsp;&nbsp;&nbsp; </span></span></span></h2>\r\n\r\n<p><span style=\"font-size:11pt\"><span style=\"font-family:Arial\"><span style=\"color:#000000\">Jika di dalam </span></span></span><span style=\"font-size:11pt\"><span style=\"font-family:Arial\"><span style=\"color:#000000\"><em>string</em></span></span></span><span style=\"font-size:11pt\"><span style=\"font-family:Arial\"><span style=\"color:#000000\"> terdapat karakter atau bagian yang ingin diganti, maka hal tersebut dapat dilakukan dengan fungsi </span></span></span><span style=\"font-size:11pt\"><span style=\"font-family:Arial\"><span style=\"color:#000000\"><strong>replace()</strong></span></span></span><span style=\"font-size:11pt\"><span style=\"font-family:Arial\"><span style=\"color:#000000\">. Untuk lebih jelasnya, lihat contoh penggunaan fungsi </span></span></span><span style=\"font-size:11pt\"><span style=\"font-family:Arial\"><span style=\"color:#000000\"><strong>replace()</strong></span></span></span><span style=\"font-size:11pt\"><span style=\"font-family:Arial\"><span style=\"color:#000000\"> di bawah ini:</span></span></span></p>\r\n\r\n<pre>\r\n<code>kata = &quot;Halo, nama saya Yuli&quot;</code>\r\n\r\n<code>kata2 = kata.replace(&quot;Yuli&quot;, &quot;Zahra&quot;)</code>\r\n\r\n<code>print(kata2)</code></pre>\r\n\r\n<p><span style=\"font-size:11pt\"><span style=\"font-family:Arial\"><span style=\"color:#000000\">Output yang dihasilkan adalah:</span></span></span></p>\r\n\r\n<p><span style=\"font-size:11pt\"><span style=\"font-family:Arial\"><span style=\"color:#000000\">Halo, nama saya Zahra</span></span></span></p>",
    "module": 11
  }
},
{
  "model": "course.modulecontent",
  "pk": 22,
  "fields": {
    "text": "<h2><span style=\"font-size:17pt\"><span style=\"font-family:Arial\"><span style=\"color:#000000\"><strong>Komentar (single Line)</strong></span></span></span><span style=\"font-size:11pt\"><span style=\"font-family:Arial\"><span style=\"color:#000000\">&nbsp;&nbsp; </span></span></span></h2>\r\n\r\n<p><span style=\"font-size:11pt\"><span style=\"font-family:Arial\"><span style=\"color:#000000\">Penulisan komentar memudahkan Anda dalam memehami program. Saat Anda membaca program yang dibuat oleh orang lain, adanya komentar memudahkan Anda memahami program. Komentar ditandai dengan karakter pagar </span></span></span><span style=\"font-size:11pt\"><span style=\"font-family:Arial\"><span style=\"color:#000000\"><strong>#</strong></span></span></span><span style=\"font-size:11pt\"><span style=\"font-family:Arial\"><span style=\"color:#000000\">.</span></span></span></p>\r\n\r\n<p><span style=\"font-size:11pt\"><span style=\"font-family:Arial\"><span style=\"color:#000000\">Contoh penulisan komentar:</span></span></span></p>\r\n\r\n<pre>\r\n<code># ini adalah komentar</code></pre>",
    "module": 12
  }
},
{
  "model": "course.modulecontent",
  "pk": 23,
  "fields": {
    "text": "<h2><span style=\"font-size:17pt\"><span style=\"font-family:Arial\"><span style=\"color:#000000\"><strong>Komentar (Multi-Line)</strong></span></span></span><span style=\"font-size:11pt\"><span style=\"font-family:Arial\"><span style=\"color:#000000\">&nbsp;&nbsp; </span></span></span><span style=\"font-size:11pt\"><span style=\"font-family:Arial\"><span style=\"color:#000000\">&nbsp;&nbsp;&nbsp; </span></span></span></h2>\r\n\r\n<p><span style=\"font-size:11pt\"><span style=\"font-family:Arial\"><span style=\"color:#000000\">Karakter </span></span></span><span style=\"font-size:11pt\"><span style=\"font-family:Arial\"><span style=\"color:#000000\"><strong>#</strong></span></span></span><span style=\"font-size:11pt\"><span style=\"font-family:Arial\"><span style=\"color:#000000\"> hanya digunakan untuk menuliskan komentar yang panjangnya tidak melebihi satu baris. Jika Anda ingin menulis komentar yang panjangnya kira-kira lebih dari satu baris, menggunakan karakter </span></span></span><span style=\"font-size:11pt\"><span style=\"font-family:Arial\"><span style=\"color:#000000\"><strong>#</strong></span></span></span><span style=\"font-size:11pt\"><span style=\"font-family:Arial\"><span style=\"color:#000000\"> pada setiap baris adalah hal yang melelahkan.</span></span></span></p>\r\n\r\n<p><span style=\"font-size:11pt\"><span style=\"font-family:Arial\"><span style=\"color:#000000\">Untuk mempermudah, anda bisa menuliskan suatu komentar multi baris yang diawali dan diakhiri dengan tiga buah petik (</span></span></span><span style=\"font-size:11pt\"><span style=\"font-family:Arial\"><span style=\"color:#000000\"><strong>&quot;&quot;&quot;</strong></span></span></span><span style=\"font-size:11pt\"><span style=\"font-family:Arial\"><span style=\"color:#000000\">).</span></span></span></p>\r\n\r\n<p><span style=\"font-size:11pt\"><span style=\"font-family:Arial\"><span style=\"color:#000000\">Contoh:</span></span></span></p>\r\n\r\n<pre>\r\n<code class=\"language-python\">\"\"\" Ini adalah penulisan komentar multi baris\r\n\r\ndapat diisi dengan teks apa saja\r\n\r\n\"\"\"</code></pre>",
    "module": 12
  }
},
{
  "model": "course.legallogo",
  "pk": 1,
  "fields": {
    "color_name": "ungu gundar",
    "padding_top": 0.75,
    "background_color": "#733693"
  }
},
{
  "model": "course.legallogo",
  "pk": 2,
  "fields": {
    "color_name": "orange shopee",
    "padding_top": 1.5,
    "background_color": "#ed4d2b"
  }
},
{
  "model": "course.legallogo",
  "pk": 3,
  "fields": {
    "color_name": "biru mekar",
    "padding_top": 0.0,
    "background_color": "#5094e3"
  }
},
{
  "model": "course.legallogo",
  "pk": 4,
  "fields": {
    "color_name": "redkendi",
    "padding_top": 1.5,
    "background_color": "#a22729"
  }
},
{
  "model": "course.legallogo",
  "pk": 5,
  "fields": {
    "color_name": "biru fundtastic",
    "padding_top": 1.5,
    "background_color": "#0082cc"
  }
},
{
  "model": "course.legallogo",
  "pk": 6,
  "fields": {
    "color_name": "merah bukalapak",
    "padding_top": 1.5,
    "background_color": "#e31e52"
  }
},
{
  "model": "course.legallogo",
  "pk": 7,
  "fields": {
    "color_name": "orange flip",
    "padding_top": 1.5,
    "background_color": "#fd6540"
  }
},
{
  "model": "course.legallogo",
  "pk": 8,
  "fields": {
    "color_name": "biru kitabisa",
    "padding_top": 1.5,
    "background_color": "#23afdf"
  }
},
{
  "model": "course.legallogo",
  "pk": 9,
  "fields": {
    "color_name": "ijo recharge",
    "padding_top": 1.5,
    "background_color": "#a6d269"
  }
},
{
  "model": "course.legallogo",
  "pk": 10,
  "fields": {
    "color_name": "merah coassets",
    "padding_top": 1.5,
    "background_color": "#a20f06"
  }
},
{
  "model": "course.legallogo",
  "pk": 11,
  "fields": {
    "color_name": "biru linikini",
    "padding_top": 1.5,
    "background_color": "#007cba"
  }
},
{
  "model": "course.school",
  "pk": 1,
  "fields": {
    "name": "Universitas Gunadarma",
    "legal_logo": 1
  }
},
{
  "model": "course.education",
  "pk": 1,
  "fields": {
    "school": 1,
    "level": "Magister",
    "study": "Manajemen Sistem Informasi",
    "start_date": "2016-02-18",
    "end_date": "2018-02-18"
  }
},
{
  "model": "course.education",
  "pk": 2,
  "fields": {
    "school": 1,
    "level": "Sarjana",
    "study": "Sistem Informasi",
    "start_date": "2012-02-18",
    "end_date": "2016-02-18"
  }
},
{
  "model": "course.company",
  "pk": 1,
  "fields": {
    "name": "Shopee",
    "field": "E-commerce",
    "legal_logo": 2
  }
},
{
  "model": "course.company",
  "pk": 2,
  "fields": {
    "name": "Mekar Investama Sampoerna",
    "field": "Fintech",
    "legal_logo": 3
  }
},
{
  "model": "course.company",
  "pk": 3,
  "fields": {
    "name": "Redkendi",
    "field": "Katering B2B",
    "legal_logo": 4
  }
},
{
  "model": "course.company",
  "pk": 4,
  "fields": {
    "name": "Fundtastic",
    "field": "Fintech",
    "legal_logo": 5
  }
},
{
  "model": "course.company",
  "pk": 5,
  "fields": {
    "name": "Bukalapak",
    "field": "E-commerce",
    "legal_logo": 6
  }
},
{
  "model": "course.company",
  "pk": 6,
  "fields": {
    "name": "Flip",
    "field": "Fintech",
    "legal_logo": 7
  }
},
{
  "model": "course.company",
  "pk": 7,
  "fields": {
    "name": "Kitabisa",
    "field": "Penggalangan Dana",
    "legal_logo": 8
  }
},
{
  "model": "course.company",
  "pk": 8,
  "fields": {
    "name": "Recharge",
    "field": "Iot Penyewaan Barang",
    "legal_logo": 9
  }
},
{
  "model": "course.company",
  "pk": 9,
  "fields": {
    "name": "Co Assets",
    "field": "Crowdfunding",
    "legal_logo": 10
  }
},
{
  "model": "course.company",
  "pk": 10,
  "fields": {
    "name": "Linikini",
    "field": "Advertisement",
    "legal_logo": 11
  }
},
{
  "model": "course.experience",
  "pk": 1,
  "fields": {
    "role": "Software Quality Assurance",
    "start_date": "2020-06-18",
    "end_date": null,
    "company": 1
  }
},
{
  "model": "course.experience",
  "pk": 2,
  "fields": {
    "role": "QA Engineer",
    "start_date": "2019-06-18",
    "end_date": "2020-05-18",
    "company": 2
  }
},
{
  "model": "course.experience",
  "pk": 3,
  "fields": {
    "role": "Software Quality Assurance",
    "start_date": "2019-01-19",
    "end_date": "2019-06-19",
    "company": 3
  }
},
{
  "model": "course.experience",
  "pk": 4,
  "fields": {
    "role": "Software QA Engineer",
    "start_date": "2018-05-19",
    "end_date": "2019-01-19",
    "company": 4
  }
},
{
  "model": "course.experience",
  "pk": 5,
  "fields": {
    "role": "Test Engineer",
    "start_date": "2021-01-19",
    "end_date": null,
    "company": 5
  }
},
{
  "model": "course.experience",
  "pk": 6,
  "fields": {
    "role": "Lead Quality Assurance",
    "start_date": "2020-06-19",
    "end_date": "2020-12-19",
    "company": 6
  }
},
{
  "model": "course.experience",
  "pk": 7,
  "fields": {
    "role": "QA Engineer",
    "start_date": "2019-02-19",
    "end_date": "2020-06-19",
    "company": 7
  }
},
{
  "model": "course.experience",
  "pk": 8,
  "fields": {
    "role": "Quality Assurance",
    "start_date": "2018-05-19",
    "end_date": "2019-02-19",
    "company": 8
  }
},
{
  "model": "course.experience",
  "pk": 9,
  "fields": {
    "role": "Lead Software Engineer",
    "start_date": "2019-02-19",
    "end_date": null,
    "company": 2
  }
},
{
  "model": "course.experience",
  "pk": 10,
  "fields": {
    "role": "Fullstack Developer",
    "start_date": "2016-08-19",
    "end_date": "2019-02-19",
    "company": 2
  }
},
{
  "model": "course.experience",
  "pk": 11,
  "fields": {
    "role": "Remote Fullstack Developer",
    "start_date": "2015-05-19",
    "end_date": "2017-08-19",
    "company": 9
  }
},
{
  "model": "course.experience",
  "pk": 12,
  "fields": {
    "role": "Software Developer Internship",
    "start_date": "2014-10-19",
    "end_date": "2015-03-19",
    "company": 10
  }
},
{
  "model": "static_page.contactmessage",
  "pk": 1,
  "fields": {
    "name": "Alvonso",
    "email": "alvonso@be-py.cyou",
    "phone": "08989988",
    "message": "Coba dicoba aja yq"
  }
},
{
  "model": "static_page.contactmessage",
  "pk": 2,
  "fields": {
    "name": "Dyah Ayu Sukmawati",
    "email": "sukmadyu@gmail.com",
    "phone": "0889988",
    "message": "Error saat daftar"
  }
},
{
  "model": "static_page.contactmessage",
  "pk": 4,
  "fields": {
    "name": "Eric Jones",
    "email": "eric.jones.z.mail@gmail.com",
    "phone": "555-555-1212",
    "message": "Hey, this is Eric and I ran across be-py.cyou a few minutes ago.\r\n\r\nLooks great but now what?\r\n\r\nBy that I mean, when someone like me finds your website  either through Search or just bouncing around  what happens next?  Do you get a lot of leads from your site, or at least enough to make you happy?\r\n\r\nHonestly, most business websites fall a bit short when it comes to generating paying customers. Studies show that 70% of a sites visitors disappear and are gone forever after just a moment.\r\n\r\nHeres an idea\r\n \r\nHow about making it really EASY for every visitor who shows up to get a personal phone call you as soon as they hit your site\r\n \r\nYou can \r\n  \r\nTalk With Web Visitor is a software widget thats works on your site, ready to capture any visitors Name, Email address and Phone Number.  It signals you the moment they let you know theyre interested  so that you can talk to that lead while theyre literally looking over your site.\r\n\r\nCLICK HERE http://talkwithcustomer.com to try out a Live Demo with Talk With Web Visitor now to see exactly how it works.\r\n\r\nYoull be amazed - the difference between contacting someone within 5 minutes versus a half-hour or more later could increase your results 100-fold.\r\n\r\nIt gets even better once youve captured their phone number, with our new SMS Text With Lead feature, you can automatically start a text (SMS) conversation.\r\n  \r\nThat way, even if you dont close a deal right away, you can follow up with text messages for new offers, content links, even just how you doing? notes to build a relationship.\r\n\r\nPretty sweet  AND effective.\r\n\r\nCLICK HERE http://talkwithcustomer.com to discover what Talk With Web Visitor can do for your business.\r\n\r\nYou could be converting up to 100X more leads today!\r\n\r\nEric\r\nPS: Talk With Web Visitor offers a FREE 14 days trial  and it even includes International Long Distance Calling. \r\nYou have customers waiting to talk with you right now dont keep them waiting. \r\nCLICK HERE http://talkwithcustomer.com to try Talk With Web Visitor now.\r\n\r\nIf you'd like to unsubscribe click here http://talkwithcustomer.com/unsubscribe.aspx?d=be-py.cyou"
  }
},
{
  "model": "static_page.aboutus",
  "pk": 1,
  "fields": {
    "content": "<p>Be-Py merupakan singkatan dari <strong>Be</strong>lajar <strong>Py</strong>thon. Be-Py terbentuk karena banyak mahasiswa jurusan IT/Ilmu Komputer yang merasa belum memiliki <em>skill programming</em>, sedangkan <em>skill programming</em> merupakan <em>skill</em> wajib yang harus dimiliki oleh mahasiswa jurusan IT/Ilmu Komputer.</p>\r\n\r\n<p>Be-Py merupakan platform pembelajaran pengembangan perangkat lunak menggunakan bahasa pemrograman python. Materi pembelajaran akan ditulis dalam bahasa Indonesia. Materi pembelajaran terdiri dari dasar bahasa pemrograman python, membuat full stack website dengan django, membuat api dengan django rest framework, membuat microservice dengan flask, dan lain lain.</p>\r\n\r\n<p>&nbsp;</p>\r\n\r\n<p>Visi dan misi kami:</p>\r\n\r\n<ul>\r\n\t<li>\r\n\t<p>Menciptakan talenta di bidang IT agar memiliki skill sehingga bisa mendapatkan pekerjaan dan jenjang karir yang bagus.</p>\r\n\t</li>\r\n\t<li>\r\n\t<p>Menyalurkan talenta yang sudah diciptakan ke perusahaan-perusahaan yang membutuhkan.</p>\r\n\t</li>\r\n\t<li>\r\n\t<p>Kerjasama mengerjakan proyek software development sebagai penyaluran skill talenta yang sudah dilatih.</p>\r\n\t</li>\r\n\t<li>\r\n\t<p>Secara berkesinambungan mengembangkan industri software development di Indonesia</p>\r\n\r\n\t<p>&nbsp;</p>\r\n\t</li>\r\n</ul>\r\n\r\n<p>&nbsp;</p>"
  }
},
{
  "model": "user.dpluser",
  "fields": {
    "password": "pbkdf2_sha256$216000$x87hujWmc593$J69yttLnYBk8pxT7OsDHrzWpG7b/TG75q9pzJvVPF6Y=",
    "last_login": "2021-02-25T12:00:11.359Z",
    "is_superuser": false,
    "email": "alviandk@gmail.com",
    "is_staff": true,
    "is_active": true,
    "date_joined": "2021-02-09T08:36:07.272Z",
    "groups": [
      [
        "edit_profile_from_admin"
      ]
    ],
    "user_permissions": []
  }
},
{
  "model": "user.dpluser",
  "fields": {
    "password": "pbkdf2_sha256$216000$Rq6q42Mjol5k$QB/K+VLZ8uQfVX/wJlgHFtNtdF4UGlfBIv77FIhiZgA=",
    "last_login": "2021-03-01T17:51:17.150Z",
    "is_superuser": true,
    "email": "jangan-dibalas@be-py.cyou",
    "is_staff": true,
    "is_active": true,
    "date_joined": "2021-02-10T15:24:07.716Z",
    "groups": [
      [
        "edit_profile_from_admin"
      ]
    ],
    "user_permissions": []
  }
},
{
  "model": "user.dpluser",
  "fields": {
    "password": "pbkdf2_sha256$216000$ohfTcNCQ1Jhj$FDY3As9HB0zIG9HqabEJ7z+krCtCyK19eLm9bO6clYw=",
    "last_login": "2021-02-10T15:34:50.302Z",
    "is_superuser": false,
    "email": "alvian.kurnianto@mekar.id",
    "is_staff": true,
    "is_active": true,
    "date_joined": "2021-02-10T15:34:50.081Z",
    "groups": [
      [
        "edit_profile_from_admin"
      ]
    ],
    "user_permissions": []
  }
},
{
  "model": "user.dpluser",
  "fields": {
    "password": "pbkdf2_sha256$216000$Z6gJ57eimnJb$xf+UfOrqw9I0pDtcASEJSC9fWybxHrTvk4F7PUtNiTg=",
    "last_login": "2021-02-12T20:48:32.009Z",
    "is_superuser": false,
    "email": "dimansional@gmail.com",
    "is_staff": true,
    "is_active": true,
    "date_joined": "2021-02-10T18:07:14.161Z",
    "groups": [
      [
        "edit_profile_from_admin"
      ]
    ],
    "user_permissions": []
  }
},
{
  "model": "user.dpluser",
  "fields": {
    "password": "pbkdf2_sha256$216000$YuvjixLKmsWB$ARD0SVbgzpP7VhvlE77phprCSBPxq3JwNsRU4vlrjXI=",
    "last_login": "2021-02-15T09:41:41.737Z",
    "is_superuser": false,
    "email": "anndtprtw@gmail.com",
    "is_staff": true,
    "is_active": true,
    "date_joined": "2021-02-11T02:11:45.372Z",
    "groups": [
      [
        "edit_profile_from_admin"
      ]
    ],
    "user_permissions": []
  }
},
{
  "model": "user.dpluser",
  "fields": {
    "password": "pbkdf2_sha256$216000$2XpnGAmUgfbJ$RmUC/wi3h2Bl94tt9t5/zYHIHSDJkM2MpdfZzAvMi0Y=",
    "last_login": "2021-02-11T02:25:50.210Z",
    "is_superuser": false,
    "email": "vickyindahwati@gmail.com",
    "is_staff": true,
    "is_active": true,
    "date_joined": "2021-02-11T02:25:03.325Z",
    "groups": [
      [
        "edit_profile_from_admin"
      ]
    ],
    "user_permissions": []
  }
},
{
  "model": "user.dpluser",
  "fields": {
    "password": "pbkdf2_sha256$216000$qEqZNmdpBd7N$UDL0vK44JPyShnmUnEo/2N9IjeBILh81Km5ZtXAApoo=",
    "last_login": "2021-02-13T07:26:18.895Z",
    "is_superuser": false,
    "email": "nrita107@gmail.com",
    "is_staff": true,
    "is_active": true,
    "date_joined": "2021-02-11T04:25:34.360Z",
    "groups": [
      [
        "edit_profile_from_admin"
      ]
    ],
    "user_permissions": []
  }
},
{
  "model": "user.dpluser",
  "fields": {
    "password": "pbkdf2_sha256$216000$YYwWrycF6oQr$7fWz3H/UMI+75ewXoiqmLQhArw5j9oRTMcTmqrt8MvM=",
    "last_login": "2021-02-11T07:14:00.744Z",
    "is_superuser": false,
    "email": "sukmadyu@gmail.com",
    "is_staff": true,
    "is_active": true,
    "date_joined": "2021-02-11T07:14:00.517Z",
    "groups": [
      [
        "edit_profile_from_admin"
      ]
    ],
    "user_permissions": []
  }
},
{
  "model": "user.dpluser",
  "fields": {
    "password": "pbkdf2_sha256$216000$AjE6RPn6hhGC$CBdFYn07AgKAtz+QK52JCclcSdUzzIsoidDPGROmVdU=",
    "last_login": "2021-02-11T11:49:50.270Z",
    "is_superuser": false,
    "email": "dea.dania.business@gmail.com",
    "is_staff": true,
    "is_active": true,
    "date_joined": "2021-02-11T11:49:50.061Z",
    "groups": [
      [
        "edit_profile_from_admin"
      ]
    ],
    "user_permissions": []
  }
},
{
  "model": "user.dpluser",
  "fields": {
    "password": "pbkdf2_sha256$216000$5auPzUy43VAk$1PlBjRSXLEN9RPE7h1FQ8uxcxHiqQL2uQHyhS+klI0A=",
    "last_login": "2021-02-16T10:02:16.211Z",
    "is_superuser": false,
    "email": "firdamaryanaa@gmail.com",
    "is_staff": true,
    "is_active": true,
    "date_joined": "2021-02-16T10:02:15.970Z",
    "groups": [
      [
        "edit_profile_from_admin"
      ]
    ],
    "user_permissions": []
  }
},
{
  "model": "user.dpluser",
  "fields": {
    "password": "pbkdf2_sha256$216000$bFqSKH57aAty$Oa0zLlHcoavgp1kDhbXCgHsnH9zmpdWPJmCo8eF+lrE=",
    "last_login": "2021-02-23T14:43:21.494Z",
    "is_superuser": false,
    "email": "alvian.ganteng@gmail.com",
    "is_staff": false,
    "is_active": true,
    "date_joined": "2021-02-23T14:30:40.691Z",
    "groups": [],
    "user_permissions": []
  }
},
{
  "model": "user.dpluser",
  "fields": {
    "password": "pbkdf2_sha256$216000$OZE7uzlbRjUU$lDvRYSYo2d9xhehlWmxTF3NGa2h19MJc+93zr/t3mCQ=",
    "last_login": "2021-02-28T16:35:07.780Z",
    "is_superuser": false,
    "email": "recloud@recloud.id",
    "is_staff": false,
    "is_active": true,
    "date_joined": "2021-02-28T16:35:07.549Z",
    "groups": [],
    "user_permissions": []
  }
},
{
  "model": "user.userprofile",
  "pk": 1,
  "fields": {
    "user": [
      "alviandk@gmail.com"
    ],
    "name": "Alvian DK",
    "age_joined": 26,
    "profile_picture": "unnamed2-compressed.jpg",
    "city_domicile": "Depok"
  }
},
{
  "model": "user.userprofile",
  "pk": 2,
  "fields": {
    "user": [
      "sukmadyu@gmail.com"
    ],
    "name": "Dyah Ayu Sukmawati",
    "age_joined": 26,
    "profile_picture": "IMG_20210212_023422.jpg",
    "city_domicile": "Depok"
  }
},
{
  "model": "user.userprofile",
  "pk": 3,
  "fields": {
    "user": [
      "dimansional@gmail.com"
    ],
    "name": "Dimas Suardi Putra",
    "age_joined": 26,
    "profile_picture": "20210122_133138.jpg",
    "city_domicile": "Bekasi"
  }
},
{
  "model": "user.userprofile",
  "pk": 4,
  "fields": {
    "user": [
      "dea.dania.business@gmail.com"
    ],
    "name": "Dea Dania",
    "age_joined": 25,
    "profile_picture": "IMG_20210212_023644.jpg",
    "city_domicile": "Depok"
  }
},
{
  "model": "user.userprofile",
  "pk": 5,
  "fields": {
    "user": [
      "nrita107@gmail.com"
    ],
    "name": "Nurul Rita",
    "age_joined": 26,
    "profile_picture": "IMG_20210212_120048.jpg",
    "city_domicile": "Depok"
  }
},
{
  "model": "user.userprofile",
  "pk": 6,
  "fields": {
    "user": [
      "anndtprtw@gmail.com"
    ],
    "name": "Anindita Ayu Pratiwi",
    "age_joined": 25,
    "profile_picture": "1558370425120_2.jpg",
    "city_domicile": "Depok"
  }
},
{
  "model": "user.userprofile",
  "pk": 7,
  "fields": {
    "user": [
      "vickyindahwati@gmail.com"
    ],
    "name": "Vicky Indahwati",
    "age_joined": 26,
    "profile_picture": "avatar.jpg",
    "city_domicile": "Depok"
  }
},
{
  "model": "user.userprofile",
  "pk": 8,
  "fields": {
    "user": [
      "jangan-dibalas@be-py.cyou"
    ],
    "name": "sad",
    "age_joined": null,
    "profile_picture": "",
    "city_domicile": "Depok"
  }
},
{
  "model": "user.userprofile",
  "pk": 11,
  "fields": {
    "user": [
      "alvian.ganteng@gmail.com"
    ],
    "name": "",
    "age_joined": null,
    "profile_picture": "",
    "city_domicile": null
  }
},
{
  "model": "user.userprofile",
  "pk": 12,
  "fields": {
    "user": [
      "recloud@recloud.id"
    ],
    "name": "recloud",
    "age_joined": null,
    "profile_picture": "",
    "city_domicile": "recloud"
  }
},
{
  "model": "user.profesionalprofile",
  "pk": 1,
  "fields": {
    "user": [
      "alviandk@gmail.com"
    ],
    "position": "Lead Engineer",
    "company_name": "Mekar Investama Sampoerna",
    "linkedin": "https://www.linkedin.com/in/alvian-dk-5a81583b/",
    "github": "https://github.com/alviandk"
  }
},
{
  "model": "user.profesionalprofile",
  "pk": 2,
  "fields": {
    "user": [
      "sukmadyu@gmail.com"
    ],
    "position": "-",
    "company_name": "-",
    "linkedin": "https://www.linkedin.com/in/dyah-ayu-sukmawati-7312b4122",
    "github": "https://github.com/sukmadyu"
  }
},
{
  "model": "user.profesionalprofile",
  "pk": 3,
  "fields": {
    "user": [
      "dimansional@gmail.com"
    ],
    "position": "Odoo developer",
    "company_name": "Metrocom Jaddi Technology",
    "linkedin": "https://www.linkedin.com/in/dimansion",
    "github": "https://github.com/dimansion"
  }
},
{
  "model": "user.profesionalprofile",
  "pk": 4,
  "fields": {
    "user": [
      "dea.dania.business@gmail.com"
    ],
    "position": "Backend Developer",
    "company_name": "PT Mekar Investma Sampoerna",
    "linkedin": "https://www.linkedin.com/in/dea-dania-374244134",
    "github": "https://github.com/deadania14"
  }
},
{
  "model": "user.profesionalprofile",
  "pk": 5,
  "fields": {
    "user": [
      "nrita107@gmail.com"
    ],
    "position": "SQA",
    "company_name": "Shopee",
    "linkedin": "https://www.linkedin.com/in/nurul-rita-m-105557b1/",
    "github": "https://github.com/nurulrita"
  }
},
{
  "model": "user.profesionalprofile",
  "pk": 6,
  "fields": {
    "user": [
      "anndtprtw@gmail.com"
    ],
    "position": "Test Engineer",
    "company_name": "Bukalapak",
    "linkedin": "https://id.linkedin.com/in/aninditaap",
    "github": "https://github.com/aninditaayu"
  }
},
{
  "model": "user.profesionalprofile",
  "pk": 7,
  "fields": {
    "user": [
      "vickyindahwati@gmail.com"
    ],
    "position": "Programmer",
    "company_name": "A&W",
    "linkedin": "https://www.linkedin.com/",
    "github": "https://github.com/vickyindahwati"
  }
},
{
  "model": "user.educationprofile",
  "pk": 1,
  "fields": {
    "user": [
      "jangan-dibalas@be-py.cyou"
    ],
    "college_level": "DPM",
    "field_study": "dsa",
    "university_name": "dsa",
    "current_semester": 2
  }
},
{
  "model": "user.educationprofile",
  "pk": 5,
  "fields": {
    "user": [
      "alvian.ganteng@gmail.com"
    ],
    "college_level": null,
    "field_study": null,
    "university_name": null,
    "current_semester": null
  }
},
{
  "model": "user.educationprofile",
  "pk": 6,
  "fields": {
    "user": [
      "alviandk@gmail.com"
    ],
    "college_level": null,
    "field_study": null,
    "university_name": null,
    "current_semester": null
  }
},
{
  "model": "testimonial.memberstory",
  "pk": 1,
  "fields": {
    "user": [
      "alviandk@gmail.com"
    ],
    "synopsis": "Be-Py memberikan berperan penting dalam karir saya sebagai Lead Engineer. Meskipun saya pengajar, saya juga banyak belajar.",
    "story": "<p><span style=\"color:#000000\">Nama saya Alvian, saya merupakan penggagas dan penggerak kelompok belajar Be-Py sejak saya masih kuliah. Saat ini saya bekerja sebagai lead software engineer di Mekar Investama Sampoerna. Penggunaan python selama saya berkarir kebanyakan untuk menulis program aplikasi yang digunakan perusahaan untuk menjalankan bisnis. Selain itu, pemrograman python bisa digunakan sebagai scripting untuk melakukan otomatisasi migrasi data, testing aplikasi, dan </span><span style=\"color:#000000\"><em>fixing bug</em></span><span style=\"color:#000000\"> yang terjadi di </span><span style=\"color:#000000\"><em>production</em></span><span style=\"color:#000000\">. Selain scripting, pemrograman python juga digunakan untuk membuat aplikasi pengolah data untuk keperluan reporting ke manajemen ataupun ke pihak yang mengatur kebijakan di bidang keuangan seperti OJK.&nbsp;</span></p>\r\n\r\n<p><span style=\"color:#000000\">Saya mendapatkan banyak manfaat dan pengalaman yang berharga saat saya belajar bersama Be-Py. Meskipun saya berperan untuk mengajarkan materi python kepada teman-teman lain yang ikut kelompok belajar Be-Py, saya juga banyak belajar. Sebagai pengajar, saya perlu untuk belajar mandiri terlebih dahulu supaya saya bisa mengajarkan materi kepada yang lain. Pengalaman mengajar ini memberikan manfaat saat saya menjadi lead engineer, karena sebagai lead engineer saya harus bisa mengajarkan junior saya tentang skill teknis dalam mengembangkan aplikasi di perusahaan tempat saya bekerja.</span></p>\r\n\r\n<p><span style=\"color:#000000\">Saya juga sering mengikuti kompetisi bersama anggota Be-Py lainnya. Beberapa kompetisi yang pernah kami ikuti diantaranya: startup academy yang diadakan oleh Universitas Indonesia, hackathon yang diadakan oleh Universitas Multimedia Nasional, Technocorner yang diadakan oleh UGM, serta kompetisi pengembangan perangkat lunak yang diadakan oleh Universitas Gunadarma. Pengalaman mengikuti kompetisi yang diikuti secara tim, mengajarkan saya untuk memiliki kerjasama tim yang lebih baik. Skill kerjasama tim sangat berguna saat sudah berkarir di dunia profesional.</span></p>\r\n\r\n<p><span style=\"color:#000000\">Pesan saya kepada yang ingin memulai belajar pemrograman python, mulailah segera saat ada kesempatan. Saat sudah mulai, belajarlah secara konsisten agar terus berkembang. Kamu tidak harus memahami segalanya saat memulai, yang penting ada kemauan dan ketekunan untuk berusaha. Belajar sesuai porsi, boleh sedikit demi sedikit yang penting konsisten. Kalau capek istirahat, jangan diforsir.</span></p>",
    "show": true,
    "order": 6
  }
},
{
  "model": "testimonial.memberstory",
  "pk": 2,
  "fields": {
    "user": [
      "dea.dania.business@gmail.com"
    ],
    "synopsis": "Bersama Be-Py saya belajar membuat web untuk komunitas biola yang saya ikuti. Sekarang saya menjadi backend engineer.",
    "story": "<p>Halo saya Dea, belajar di Be-Py asik dan rigan. Diajarin sesuai porsi dan step by step. Karena saya kuliah di jurusan sistem informasi, sebenarnya banyak pilihan untuk pekerjaan yang dapat saya tekuni namun, semenjak ikut Be-Py saya sadar bahwa programming adalah hal yang saya sukai. Dari sekian banyak bahasa pemrograman, python merupakan bahasa yang lebih dapat saya mengerti dan cenderung mudah untuk dipelajari. Python saya gunakan untuk membuat website komunitas dengan fitur-fitur pencatatan dan konfirmasi beberapa aksi, selain itu saya juga menggunakannya dalam mengolah data. Pengolahan data ini saya gunakan dalam menganalisis sentimen pada review barang elektronik, Anda bisa mengeceknya <a href=\"https://www.ijcseonline.org/full_paper_view.php?paper_id=4711\">disini</a>. Kini saya menjadi backend developer di sebuah perusahaan swasta yang berlokasi di Jakarta. Bergabung dengan Be-Py adalah salah satu berkah bagi saya karena tidak hanya ilmu, teman, saya juga belajar banyak hal.&nbsp;</p>",
    "show": true,
    "order": 0
  }
},
{
  "model": "testimonial.memberstory",
  "pk": 3,
  "fields": {
    "user": [
      "anndtprtw@gmail.com"
    ],
    "synopsis": "Dulu saya belajar bareng dan bikin skripsi aplikasi versi awal Be-Py. Sekarang, saya jadi Test Engineer di Bukalapak.",
    "story": "<p>Halo! Saya Dita,&nbsp;saya anggota kelompok belajar Be-Py sejak&nbsp;masih kuliah. Saat ini, saya bekerja sebagai Test Engineer di Bukalapak. Selama saya bekerja, pemrograman Python pernah saya gunakan untuk membuat automation test script untuk website, Android, dan iOS dengan Robot Framework.&nbsp;</p>\r\n\r\n<p>Banyak sekali ilmu yang saya dapatkan selama bergabung dengan kelompok belajar Be-Py. Saat kuliah, Be-Py sangat membantu saya memahami dasar pemrograman Python, sampai pemrograman yang lebih kompleks, hingga pada akhirnya saya dapat membuat aplikasi pembelajaran pemrograman Python dasar berbasis web (aplikasi Be-Py versi awal) sebagai skripsi saya.&nbsp;</p>\r\n\r\n<p>Bersama anggota Be-Py yang lainnya, saya juga pernah mengikuti berbagai kompetisi, diantaranya Startup Academy yang diselenggarakan oleh Universitas Indonesia (Top 10 team), UMN Hackathon yang diselenggarakan oleh Universitas Multimedia Nasional (Top 10 team),&nbsp;dan&nbsp;kompetisi pengembangan perangkat lunak yang diadakan oleh Universitas Gunadarma (juara 2). Pengalaman berkompetisi secara tim mengajarkan saya bagaimana bekerja sama dengan baik. Tentunya hal ini sangat berguna di dunia karir, karena dalam bekerja secara profesional, kerja sama tim yang baik sangatlah dibutuhkan.</p>\r\n\r\n<p>Pesan saya untuk teman-teman yang ingin memulai untuk belajar Python, tunggu apalagi? Tidak perlu ragu, jalani semuanya dengan yakin, karena tidak ada pembelajaran yang sia-sia.</p>",
    "show": true,
    "order": 0
  }
},
{
  "model": "testimonial.memberstory",
  "pk": 4,
  "fields": {
    "user": [
      "dimansional@gmail.com"
    ],
    "synopsis": "Saya membuat portfolio bersama Be-Py. Sekarang saya bekerja menggunakan library ERP Odoo berbasis python.",
    "story": "<p>Hi saya Dimas, saya anggota kelompok belajar Be-Py sejak saya masih kuliah. Sekarang bekerja sebagai Technical Analyst/Odoo&nbsp;Developer di Metrocom Jaddi Technology. Selama saya berkarir saya menggunakan pemrograman Python untuk membuat module apps menggunakan framework Odoo dan membuat API integrasi. Selain itu, saya juga menggunakan Python untuk mengolah dan memproses data saat saya menjadi Data Engineer.</p>\r\n\r\n<p>Banyaknya&nbsp;ilmu yang di dapatkan saat saya belajar bersama Be-Py, dapat&nbsp;saya gunakan sebagai landasan saya untuk menjadi seorang programmer. Dan dari pengalaman yang telah saya dapatkan,&nbsp;saya dapat membagi ilmu dan memberikan solusi&nbsp;di tempat saya bekerja.</p>\r\n\r\n<p>Bersama Be-Py saya juga mengikuti beberapa kompetisi,&nbsp;diantaranya: startup academy yang diadakan oleh Universitas Indonesia, dan juga&nbsp;kompetisi pengembangan perangkat lunak yang diadakan oleh Universitas Gunadarma. Saat mengikuti kompetisi itu lah dimana saya juga belajar bagaimana cara bekerja sama yang baik dengan sebuah tim.</p>\r\n\r\n<p>Awalnya saya sendiri pun kurang tertarik berkarir menjadi seorang programmer karna saya anggap dengan kapasitas diri saya, saya tidak akan mampu untuk mempelajari hal-hal rumit di atas, tapi dengan dukungan dari teman-teman di&nbsp; Be-Py saya termotivasi&nbsp;mempelajari hal-hal itu sedikit demi sedikit sampai sekarang ini. Jadi untuk kalian yang takut atau enggan untuk belajar programming karna dianggap terlalu sulit, kalian bisa memulai nya dari hal yang kecil dulu, langkah demi langkah, jangan langsung berlari, nanti kesandung.</p>",
    "show": true,
    "order": 0
  }
},
{
  "model": "testimonial.memberstory",
  "pk": 5,
  "fields": {
    "user": [
      "nrita107@gmail.com"
    ],
    "synopsis": "Saya membuat tesis bertema testing bersama Be-Py. Sekarang saya bekerja sebagai SQA di Shopee.",
    "story": "<p>Halo, saya Nurul. Saya ikut kelompok belajar&nbsp;Be-Py sejak saya kuliah. Saat ini saya bekerja sebagai SQA di Shopee. Selama bekerja, saya pernah menggunakan python dalam membuat automation testing dengan Selenium. Saat itu, saya tidak hanya membuat script automation testing untuk web, tetapi juga untuk Android.</p>\r\n\r\n<p>Bersama Be-Py, saya banyak mempelajari hal-hal baru, mulai dari pengenalan dasar python, hingga pengaplikasian python. Secara tidak langsung juga mempelajari dan mengimplementasikan proses developement dari suatu sistem yang hanya diketahui dari buku kuliah/dosen yang mengajar di kelas. Tentu hal ini bermanfaat bagi saya saat masuk ke dunia kerja.</p>\r\n\r\n<p>Selain itu, saya pernah mengikuti beberapa kompetisi bersama Be-Py, antara lain Startup Academy yang diselenggarakan oleh Universitas Indonesia dan UMN Hackathon yang diselenggarakan oleh Universitas Multimedia Nusantara. Keduanya, kami mendapatkan predikat top 10 team. Dari kompetisi tersebut, saya mempelajari banyak hal, seperti pentingnya kerja sama tim, ide yang keren tidak datang dari hal yang kompleks melainkan dari hal yang sederhana, pentingnya&nbsp;menghargai ide/karya orang lain, dan berpacu untuk banyak belajar.</p>\r\n\r\n<p>Pesan saya untuk yang mau mulai belajar apalagi belajar python, dicoba dulu aja. Mulai dari hal sederhana dan dimulai pelan-pelan. Dari situ, kamu akan lebih paham dan tertarik lebih dalam. Tidak perlu merasa malu kalau masih belum bisa atau lambat dalam belajar, ingat setiap orang punya ritme yang berbeda. Nikmati setiap prosesnya, hasil yang baik pasti akan datang.&nbsp;</p>\r\n\r\n<p>&nbsp;</p>",
    "show": true,
    "order": -1
  }
},
{
  "model": "testimonial.memberstory",
  "pk": 6,
  "fields": {
    "user": [
      "sukmadyu@gmail.com"
    ],
    "synopsis": "Saya mendapat bimbingan penulisan ilmiah dan skripsi di Be-Py. Dosen mudah memberikan ACC.",
    "story": "<p>Nama saya Dyah Ayu Sukmawati saya ucapkan terima kasih untuk Be-Py, dari sini bisa dapat advice, ilmu dan bantuan yg berguna sekali buat penulisan tugas akhir kuliah. Bukan hanya itu, faktanya setelah lulus kuliah pun ilmu pemograman python masih banyak dicari di dunia kerja saat ini. Jadi jangan pernah berpikir untuk tidak suka python maupun bahasa pemograman mana pun, karena dengan mempelajari beberapa ilmu tersebut, kita bisa tentukan sendiri bahasa mana yg cocok dan dibutuhkan saat ini.</p>",
    "show": true,
    "order": 7
  }
},
{
  "model": "testimonial.memberstory",
  "pk": 8,
  "fields": {
    "user": [
      "firdamaryanaa@gmail.com"
    ],
    "synopsis": "saya ...",
    "story": "<p>Lorem ipsum dolor sit amet, consectetur adipiscing elit, sed do eiusmod tempor incididunt ut labore et dolore magna aliqua. Ut enim ad minim veniam, quis nostrud exercitation ullamco laboris nisi ut aliquip ex ea commodo consequat. Duis aute irure dolor in reprehenderit in voluptate velit esse cillum dolore eu fugiat nulla pariatur. Excepteur sint occaecat cupidatat non proident, sunt in culpa qui officia deserunt mollit anim id est laborum.</p>",
    "show": false,
    "order": 0
  }
},
{
  "model": "portfolio.project",
  "pk": 1,
  "fields": {
    "name": "Log Parser Web App dengan Framework Flask",
    "description": "<p><span style=\"color:#000000\">Aplikasi flask yang melakukan parsing terhadap log dan menampilkan informasi hasil parsing yang meliputi serangan SQL injection, penyertaan file jarak jauh, dan serangan web shell. Proyek ini dibuat oleh Alvian sebagai proyek latihan.</span></p>\r\n\r\n<p><span style=\"color:#000000\">Beberapa Fitur Termasuk:&nbsp;</span></p>\r\n\r\n<ul>\r\n\t<li style=\"list-style-type:disc\"><span style=\"color:#000000\">daftar alamat IP unik&nbsp;</span></li>\r\n\t<li style=\"list-style-type:disc\"><span style=\"color:#000000\">daftar alamat IP unik dengan negara dan jumlah klik&nbsp;</span></li>\r\n\t<li style=\"list-style-type:disc\"><span style=\"color:#000000\">daftar semua aktivitas per alamat IP (dapat disaring oleh IP ini)&nbsp;</span></li>\r\n\t<li style=\"list-style-type:disc\"><span style=\"color:#000000\">mendeteksi SQL injection dengan entri yang ditemukan&nbsp;</span></li>\r\n\t<li style=\"list-style-type:disc\"><span style=\"color:#000000\">mendeteksi penyertaan file jarak jauh dengan entri yang ditemukan&nbsp;</span></li>\r\n\t<li style=\"list-style-type:disc\"><span style=\"color:#000000\">mendeteksi shell web dengan entri yang ditemukan</span></li>\r\n</ul>",
    "url": null,
    "cover_image": "log_bNrCOZv.png",
    "git_url": "https://github.com/alviandk/log_parser_web_app",
    "owner": [
      "alviandk@gmail.com"
    ],
    "slug": "log-parser-web-app-dengan-framework-flask",
    "ordering": 0,
    "show": true
  }
},
{
  "model": "portfolio.project",
  "pk": 2,
  "fields": {
    "name": "Automated Black Box Testing Menggunakan Selenium Python",
    "description": "<p>Proyek ini merupakan tesis yang ditulis oleh Nurul Rita Mustika menggunakan&nbsp;Selenium Python dengan python versi 2.7. Dalam proyek ini, objek yang dijadikan bahan pengujiannya adalah Aplikasi Permohonan Paspor Online berbasis web yang dapat diakses di <a href=\"https://antrian.imigrasi.go.id/\">https://antrian.imigrasi.go.id/</a>. Penulisan ini dilakukan berdasarkan metode pengujian formal dan IEEE 829-2008 yang telah disesuaikan dengan kebutuhan. Proyek ini telah dilaksanakan pada tanggal 16 Januari 2018 sampai dengan 7 Februari 2018. Dalam penulisan program python untuk testing secara otomasi, dibimbing oleh tim Be-Py.</p>",
    "url": null,
    "cover_image": "nu_JqpBfCp.PNG",
    "git_url": "https://github.com/nurulrita/tesis_autoblackbox",
    "owner": [
      "nrita107@gmail.com"
    ],
    "slug": "automated-black-box-testing-menggunakan-selenium-p",
    "ordering": 0,
    "show": true
  }
},
{
  "model": "portfolio.project",
  "pk": 3,
  "fields": {
    "name": "Pembelajaran  Pemrograman Python Menggunakan Framework Django",
    "description": "<p>Proyek ini merupakan skripsi dari Anindita Ayu Pratiwi. Proyek yang dibuat adalah versi awal Be-Py. Be-Py pembelajaran berbasis web Aplikasi pemrograman Python. Proyek dikembangkan menggunakan bahasa Python dengan bantuan kerangka kerja Django dan SQLite sebagai database. Aplikasi pembelajaran ini mengadopsi materi pemrograman Python dari buku &ldquo;Pemrograman Python (Teori dan Implementasi)&rdquo; karya R. H. Sianipar dan Hamzan Wadi (2015). Ada beberapa latihan pemrograman sederhana di setiap materi yang diberikan. Pengguna harus masuk untuk dapat membaca dan mempelajari materi. Pengguna dapat membaca materi terlebih dahulu, kemudian melakukan program dengan mengikuti instruksi. Keluaran pengguna akan disimpan dalam database, sehingga sistem dapat menghitung kemajuan pembelajaran pengguna.</p>",
    "url": null,
    "cover_image": "v1_WYnZ7Up.PNG",
    "git_url": "https://github.com/aninditaayu/skripsi",
    "owner": [
      "anndtprtw@gmail.com"
    ],
    "slug": "pembelajaran-pemrograman-python-menggunakan-framew",
    "ordering": 0,
    "show": true
  }
},
{
  "model": "portfolio.project",
  "pk": 4,
  "fields": {
    "name": "Website Alliance Violin Community  dengan Framework Django",
    "description": "<p><span style=\"color:#000000\">Proyek ini merupakan skripsi yang ditulis oleh Dea Dania. Proyek yang dikembangkan adalah website komunitas Biola AVC Depok. Alliance Violin Community (AVC)&nbsp; adalah komunitas nirlaba yang berkomitmen untuk memberikan pendidikan instrumen string, khususnya biola. Sistem yang dibuat dibagi menjadi menu publik dan internal. Menu publik bisa diakses oleh semua orang. Menu&nbsp; internal dapat diakses oleh pengguna yang memiliki hak akses. Pada sistem ini user bisa melakukan registrasi secara online. Validasi pembayaran transfer dapat dilakukan dengan melampirkan bukti pembayaran. Anggota yang sudah mendaftar di website dapat mengakses bagian; profil, kelas dan transaksi administrasi. Pencatatan transaksi administrasi pendapatan dilakukan secara online, sehingga dapat dilakukan dengan melakukan pengecekan data transaksi terlebih dahulu untuk melakukan penagihan. Catatan kehadiran dapat ditulis oleh masing-masing tutor di menu data kehadiran, kemudian hasilnya menghasilkan persentase kehadiran anggota selama 60 hari terakhir, dan tutor dapat memberikan evaluasi kepada anggota. Untuk divisi Inventory, terdapat fitur pencatatan data barang. Sekretaris dapat membuat catatan rapat dan mengatur aktivasi anggota. </span></p>",
    "url": null,
    "cover_image": "dea_4Q6UhgF.PNG",
    "git_url": "https://github.com/deadania14/avcproj",
    "owner": [
      "dea.dania.business@gmail.com"
    ],
    "slug": "website-alliance-violin-community-dengan-framework",
    "ordering": 0,
    "show": true
  }
},
{
  "model": "portfolio.project",
  "pk": 5,
  "fields": {
    "name": "Dango - Simple Image Editor dengan Wandd Library",
    "description": "<p>Dango adalah editor gambar online yang dibuat dengan perpustakaan python django dan wandd, dibuat untuk tulisan ilmiah Dimas Suardi Putra di uni. sebagian besar bantuan datang dari mentor Alvian DK, ini juga idenya. Proyek ini memiliki beberapa fitur diantaranya:</p>\r\n\r\n<ul>\r\n\t<li style=\"list-style-type:disc\"><span style=\"color:#000000\">Converter: untuk mengubah ekstensi gambar sesuai dengan ekstensi yang dipilih.</span></li>\r\n\t<li style=\"list-style-type:disc\"><span style=\"color:#000000\">Resize: untuk mengubah ukuran panjang dan lebar gambar sesuai dengan angka yang dimasukkan.</span></li>\r\n\t<li style=\"list-style-type:disc\"><span style=\"color:#000000\">Rotate: untuk merotasi gambar sesuai dengan sudut yang dimasukkan.</span></li>\r\n\t<li style=\"list-style-type:disc\"><span style=\"color:#000000\">Meme: untuk memberikan caption tulisan di atas gambar.</span></li>\r\n\t<li style=\"list-style-type:disc\"><span style=\"color:#000000\">Watermark: untuk memberikan watermark tulisan kecil di atas gambar</span></li>\r\n\t<li style=\"list-style-type:disc\"><span style=\"color:#000000\">Watermark image: untuk memberikan watermark gambar di atas gambar.</span></li>\r\n</ul>",
    "url": null,
    "cover_image": "dimas_3.png",
    "git_url": "https://github.com/dimansion/dango",
    "owner": [
      "dimansional@gmail.com"
    ],
    "slug": "dango-simple-image-editor-dengan-wandd-library",
    "ordering": 0,
    "show": true
  }
},
{
  "model": "portfolio.project",
  "pk": 6,
  "fields": {
    "name": "Search Engine dalam E-commerce dengan Elasticsearch",
    "description": "<p><span style=\"color:#000000\">Proyek ini dibuat ada tahun 2016, aplikasi ini merupakan skripsi yang ditulis oleh Dyah Ayu Sukmawati. Aplikasi ini berfokus pada fitur pencarian yang menggunakan server Elasticsearch yang telah mengimplementasikan Natural Language Processing, yang berguna untuk pencarian produk yang relevan dan juga memberikan hasil alternatif produk yang sejenis dari produk yang tidak dapat ditemukan. Aplikasi ini dibangun dengan Back-end Python dan Django Framework, dan JSONserta bagian Front-end dibangun menggunakan HTML, CSS, Javascript, jQuery dan Bootstrap.</span></p>",
    "url": null,
    "cover_image": "dyah_9.PNG",
    "git_url": "https://github.com/sukmadyu/maquillage",
    "owner": [
      "sukmadyu@gmail.com"
    ],
    "slug": "search-engine-dalam-website-e-commerce-menggunakan",
    "ordering": 0,
    "show": true
  }
},
{
  "model": "course.grouplearnregister",
  "pk": 1,
  "fields": {
    "user": [
      "recloud@recloud.id"
    ],
    "course": 4,
    "status": "WTG"
  }
},
{
  "model": "course.mentoringrequest",
  "pk": 1,
  "fields": {
    "user": [
      "jangan-dibalas@be-py.cyou"
    ],
    "mentor": 2,
    "self_pitching": "mau",
    "status": "WTG"
  }
},
{
  "model": "course.mentoringrequest",
  "pk": 2,
  "fields": {
    "user": [
      "jangan-dibalas@be-py.cyou"
    ],
    "mentor": 1,
    "self_pitching": "asdas",
    "status": "WTG"
  }
},
{
  "model": "course.mentor",
  "pk": 1,
  "fields": {
    "user": [
      "nrita107@gmail.com"
    ],
    "education": [
      1,
      2
    ],
    "experience": [
      1,
      2,
      3,
      4
    ]
  }
},
{
  "model": "course.mentor",
  "pk": 2,
  "fields": {
    "user": [
      "anndtprtw@gmail.com"
    ],
    "education": [
      1,
      2
    ],
    "experience": [
      5,
      6,
      7,
      8
    ]
  }
},
{
  "model": "course.mentor",
  "pk": 3,
  "fields": {
    "user": [
      "alviandk@gmail.com"
    ],
    "education": [
      1,
      2
    ],
    "experience": [
      9,
      10,
      11,
      12
    ]
  }
},
{
  "model": "course.collegeproject",
  "pk": 1,
  "fields": {
    "user": [
      "jangan-dibalas@be-py.cyou"
    ],
    "current_education": 1,
    "target_month": 4,
    "target_year": 2021,
    "project_type": "WD",
    "project_idea": "da",
    "status": "WTG"
  }
},
{
  "model": "course.syllabus",
  "pk": 1,
  "fields": {
    "course": 2,
    "objectives": "<p>Pengenalan python yang meliputi:</p>\r\n\r\n<ul>\r\n\t<li>Mencetak ke <em>console </em>dengan perintah <em>print</em></li>\r\n\t<li>Pengenalan variabel</li>\r\n\t<li>Pengenalan operator</li>\r\n\t<li>Pengenalan tipe data numerik</li>\r\n\t<li>Pengenalan <em>string</em></li>\r\n\t<li>Pengenalan menulis komentar kode pada python</li>\r\n</ul>",
    "technologies": "<ul>\r\n\t<li>Python3</li>\r\n\t<li>Console</li>\r\n</ul>",
    "prerequisites": "<ul>\r\n\t<li>Memiliki kemampuan membaca dan menulis</li>\r\n\t<li>Memiliki pemahaman logika dasar</li>\r\n</ul>",
    "version": "1.0",
    "last_change": "2021-02-16",
    "author": [
      "anndtprtw@gmail.com"
    ],
    "source": "<p>Materi ini mengadopsi dari beberapa sumber, diantaranya:</p>\r\n\r\n<ul>\r\n\t<li>Skripsi &quot;Web-Based Learning Python Programming Using Django Framework&quot; karya Anindita Ayu Pratiwi (2016)</li>\r\n\t<li>Buku &quot;Pemrograman Python (Teori dan Implementasi)&rdquo; karya R. H. Sianipar dan Hamzan Wadi (2015)&quot;</li>\r\n</ul>"
  }
},
{
  "model": "course.syllabus",
  "pk": 2,
  "fields": {
    "course": 3,
    "objectives": "<p>Peran tester begitu penting pada industri pengembangan perangkat lunak. Tester diperlukan karena pekerjaan developer perlu diuji oleh pihak lain agar ada perspektif yang berbeda. Tren perusahaan dalam merekrut tester semakin meningkat.&nbsp;</p>\r\n\r\n<h2>Minggu ke 1</h2>\r\n\r\n<ul>\r\n\t<li>Intro</li>\r\n</ul>\r\n\r\n<h2>Minggu ke 2</h2>\r\n\r\n<ul>\r\n\t<li>Test plan</li>\r\n</ul>\r\n\r\n<h2>Minggu ke 3</h2>\r\n\r\n<ul>\r\n\t<li>Black box vs whitebox</li>\r\n</ul>\r\n\r\n<h2>Minggu ke 4</h2>\r\n\r\n<ul>\r\n\t<li>HTML front end test automation</li>\r\n</ul>\r\n\r\n<h2>Minggu ke 5</h2>\r\n\r\n<ul>\r\n\t<li>Test report</li>\r\n</ul>\r\n\r\n<h2>Minggu ke 6</h2>\r\n\r\n<ul>\r\n\t<li>Testing Project</li>\r\n</ul>",
    "technologies": "<ul>\r\n\t<li>python3</li>\r\n\t<li>selenium</li>\r\n</ul>",
    "prerequisites": "<ul>\r\n\t<li>Memahami dasar-dasar pemrograman python</li>\r\n</ul>",
    "version": "1.0",
    "last_change": "2021-02-20",
    "author": [
      "nrita107@gmail.com"
    ],
    "source": "<ul>\r\n\t<li>Buku</li>\r\n</ul>"
  }
},
{
  "model": "course.syllabus",
  "pk": 3,
  "fields": {
    "course": 4,
    "objectives": "<p>Website pribadi biasanya berisi deskripsi, pengalaman, keahlian, blog, dan lain sebagainya. Pada materi ini akan dijelaskan cara membuat website pribadi yang dinamis. Sehingga lebih mudah untuk mengubah atau menambah konten.</p>\r\n\r\n<h2>Minggu ke 1</h2>\r\n\r\n<ul>\r\n\t<li>Memahami konsep MVP pada django.</li>\r\n\t<li>Membuat project dengan django.</li>\r\n</ul>\r\n\r\n<h2>Minggu ke 2</h2>\r\n\r\n<ul>\r\n\t<li>Menambahkan aplikasi pada project django.</li>\r\n\t<li>Menjelaskan tentang models layer pada django.</li>\r\n</ul>\r\n\r\n<h2>Minggu ke 3</h2>\r\n\r\n<ul>\r\n\t<li>Menjelaskan konsep url pada django.</li>\r\n\t<li>Menjelaskan views layer pada django.</li>\r\n\t<li>Membuat halaman website pertama dengan django.</li>\r\n</ul>\r\n\r\n<h2>Minggu ke 4</h2>\r\n\r\n<ul>\r\n\t<li>Menjelaskan template layer pada django.</li>\r\n\t<li>Menambahkan aplikasi blog pada project sebagai portfolio pertama.</li>\r\n</ul>\r\n\r\n<h2>Minggu ke 5</h2>\r\n\r\n<ul>\r\n\t<li>Halaman admin pada django.</li>\r\n\t<li>Menambahkan aplikasi display portfolio pada project.</li>\r\n</ul>\r\n\r\n<h2>Minggu ke 6</h2>\r\n\r\n<ul>\r\n\t<li>Deploy project yang sudah dibuat ke cloud platform.</li>\r\n</ul>",
    "technologies": "<ul>\r\n\t<li>python3</li>\r\n\t<li>django</li>\r\n\t<li>bootstrap</li>\r\n</ul>",
    "prerequisites": "<ul>\r\n\t<li>Memahami dasar-dasar pemrograman python</li>\r\n\t<li>Memahami dasar-dasar html, css dan javascript untuk styling tampilan website</li>\r\n</ul>",
    "version": "1.0",
    "last_change": "2021-02-24",
    "author": [
      "alviandk@gmail.com"
    ],
    "source": "<ul>\r\n\t<li>Tutorial dasar pembuatan website dari <a href=\"https://docs.djangoproject.com/en/3.1/intro/tutorial01/\">dokumentasi ofisial django. </a></li>\r\n</ul>"
  }
},
{
  "model": "course.syllabus",
  "pk": 4,
  "fields": {
    "course": 5,
    "objectives": "<p>API (<em>Aplication Program Interface</em>) merupakan bentuk aplikasi web.</p>\r\n\r\n<h2>Minggu ke 1</h2>\r\n\r\n<ul>\r\n\t<li>M</li>\r\n</ul>\r\n\r\n<h2>Minggu ke 2</h2>\r\n\r\n<ul>\r\n\t<li>M</li>\r\n</ul>\r\n\r\n<h2>Minggu ke 3</h2>\r\n\r\n<ul>\r\n\t<li>M</li>\r\n</ul>\r\n\r\n<h2>Minggu ke 4</h2>\r\n\r\n<ul>\r\n\t<li>M</li>\r\n</ul>\r\n\r\n<h2>Minggu ke 5</h2>\r\n\r\n<ul>\r\n\t<li>H</li>\r\n</ul>\r\n\r\n<h2>Minggu ke 6</h2>\r\n\r\n<ul>\r\n\t<li>D</li>\r\n</ul>",
    "technologies": "<ul>\r\n\t<li>python3</li>\r\n\t<li>django</li>\r\n\t<li>django-rest-framwework</li>\r\n\t<li>postman</li>\r\n</ul>",
    "prerequisites": "<ul>\r\n\t<li>Memahami dasar-dasar pemrograman python</li>\r\n\t<li>Memahami dasar pembuatan proyek django.</li>\r\n</ul>",
    "version": "1.0",
    "last_change": "2021-02-24",
    "author": [
      "alviandk@gmail.com"
    ],
    "source": "<ul>\r\n\t<li>Dokumentasi ofisial <a href=\"https://www.django-rest-framework.org/\">django rest framework</a>.</li>\r\n</ul>"
  }
},
{
  "model": "course.syllabus",
  "pk": 5,
  "fields": {
    "course": 6,
    "objectives": "<p>&nbsp;</p>\r\n\r\n<h2>Minggu ke 1</h2>\r\n\r\n<ul>\r\n\t<li>Pengenalan sintak <em>print</em>(&quot;Hello World&quot;)</li>\r\n\t<li>Pengenalan variabel</li>\r\n\t<li>Dinamis <em>Input </em>dan <em>Output </em>pada <em>console</em></li>\r\n\t<li>Pengenalan kondisi dengan <em>if</em></li>\r\n</ul>\r\n\r\n<h2>Minggu ke 2</h2>\r\n\r\n<ul>\r\n\t<li>Lanjutan kondisi dengan <em>if, elif</em> dan <em>else</em></li>\r\n\t<li>Kombinasi kondisi <em>if </em>dengan <em>input </em>dan <em>output</em></li>\r\n\t<li>Perulangan dengan kondisi <em>while</em></li>\r\n</ul>\r\n\r\n<h2>Minggu ke 3</h2>\r\n\r\n<ul>\r\n\t<li>Lanjutan perulangan <em>while</em></li>\r\n\t<li>Perulangan dengan <em>for </em></li>\r\n\t<li>Membuat permainan tebak angka acak dengan perulangan <em>while</em></li>\r\n\t<li>Membuat perulangan <em>fizzbuzz </em>sesuai dengan jumlah input</li>\r\n</ul>\r\n\r\n<h2>Minggu ke 4</h2>\r\n\r\n<ul>\r\n\t<li>Pengenalan tipe data <em>list</em></li>\r\n\t<li>Mengakses dan memanipulasi isi <em>list</em></li>\r\n\t<li>Pengenalan <em>function</em> pada pemrograman python</li>\r\n</ul>\r\n\r\n<h2>Minggu ke 5</h2>\r\n\r\n<ul>\r\n\t<li>Pengenalan tipe data <em>dictionary</em></li>\r\n\t<li>Mengakses dan memanipulasi isi <em>dictionary</em></li>\r\n</ul>\r\n\r\n<h2>Minggu ke 6</h2>\r\n\r\n<ul>\r\n\t<li>Pengenalan <em>class </em>pada pemrograman python</li>\r\n\t<li><em>Class inheritance </em>pada pemrograman python</li>\r\n</ul>",
    "technologies": "<ul>\r\n\t<li>Python3</li>\r\n\t<li>Console</li>\r\n</ul>",
    "prerequisites": "<ul>\r\n\t<li>Memiliki kemampuan membaca dan menulis.</li>\r\n</ul>",
    "version": "1.0",
    "last_change": "2021-02-26",
    "author": [
      "alviandk@gmail.com"
    ],
    "source": "<ul>\r\n\t<li>Bahan ajar <a href=\"https://github.com/alviandk/python-sunmorn\">dasar pemrograman python</a> yang dibuat oleh Alvian.</li>\r\n</ul>"
  }
},
{
  "model": "account.emailaddress",
  "pk": 3,
  "fields": {
    "user": [
      "alviandk@gmail.com"
    ],
    "email": "alviandk@gmail.com",
    "verified": false,
    "primary": true
  }
},
{
  "model": "account.emailaddress",
  "pk": 4,
  "fields": {
    "user": [
      "alvian.kurnianto@mekar.id"
    ],
    "email": "alvian.kurnianto@mekar.id",
    "verified": false,
    "primary": true
  }
},
{
  "model": "account.emailaddress",
  "pk": 5,
  "fields": {
    "user": [
      "dimansional@gmail.com"
    ],
    "email": "dimansional@gmail.com",
    "verified": false,
    "primary": true
  }
},
{
  "model": "account.emailaddress",
  "pk": 6,
  "fields": {
    "user": [
      "anndtprtw@gmail.com"
    ],
    "email": "anndtprtw@gmail.com",
    "verified": false,
    "primary": true
  }
},
{
  "model": "account.emailaddress",
  "pk": 7,
  "fields": {
    "user": [
      "vickyindahwati@gmail.com"
    ],
    "email": "vickyindahwati@gmail.com",
    "verified": false,
    "primary": true
  }
},
{
  "model": "account.emailaddress",
  "pk": 8,
  "fields": {
    "user": [
      "nrita107@gmail.com"
    ],
    "email": "nrita107@gmail.com",
    "verified": false,
    "primary": true
  }
},
{
  "model": "account.emailaddress",
  "pk": 9,
  "fields": {
    "user": [
      "sukmadyu@gmail.com"
    ],
    "email": "sukmadyu@gmail.com",
    "verified": false,
    "primary": true
  }
},
{
  "model": "account.emailaddress",
  "pk": 10,
  "fields": {
    "user": [
      "dea.dania.business@gmail.com"
    ],
    "email": "dea.dania.business@gmail.com",
    "verified": false,
    "primary": true
  }
},
{
  "model": "account.emailaddress",
  "pk": 11,
  "fields": {
    "user": [
      "firdamaryanaa@gmail.com"
    ],
    "email": "firdamaryanaa@gmail.com",
    "verified": false,
    "primary": true
  }
},
{
  "model": "account.emailaddress",
  "pk": 12,
  "fields": {
    "user": [
      "alvian.ganteng@gmail.com"
    ],
    "email": "alvian.ganteng@gmail.com",
    "verified": false,
    "primary": true
  }
},
{
  "model": "account.emailaddress",
  "pk": 13,
  "fields": {
    "user": [
      "recloud@recloud.id"
    ],
    "email": "recloud@recloud.id",
    "verified": false,
    "primary": true
  }
},
{
  "model": "admin.logentry",
  "pk": 1,
  "fields": {
    "action_time": "2021-02-11T14:41:10.673Z",
    "user": [
      "jangan-dibalas@be-py.cyou"
    ],
    "content_type": [
      "auth",
      "group"
    ],
    "object_id": "1",
    "object_repr": "edit_profile_from_admin",
    "action_flag": 1,
    "change_message": "[{\"added\": {}}]"
  }
},
{
  "model": "admin.logentry",
  "pk": 2,
  "fields": {
    "action_time": "2021-02-11T15:02:47.321Z",
    "user": [
      "jangan-dibalas@be-py.cyou"
    ],
    "content_type": [
      "user",
      "dpluser"
    ],
    "object_id": "3",
    "object_repr": "alviandk@gmail.com",
    "action_flag": 2,
    "change_message": "[{\"changed\": {\"fields\": [\"password\"]}}]"
  }
},
{
  "model": "admin.logentry",
  "pk": 3,
  "fields": {
    "action_time": "2021-02-11T15:08:44.707Z",
    "user": [
      "alviandk@gmail.com"
    ],
    "content_type": [
      "user",
      "dpluser"
    ],
    "object_id": "3",
    "object_repr": "alviandk@gmail.com",
    "action_flag": 2,
    "change_message": "[{\"added\": {\"name\": \"user profile\", \"object\": \"alviandk@gmail.com's profile\"}}, {\"added\": {\"name\": \"profesional profile\", \"object\": \"alviandk@gmail.com's profile\"}}]"
  }
},
{
  "model": "admin.logentry",
  "pk": 4,
  "fields": {
    "action_time": "2021-02-11T15:09:23.015Z",
    "user": [
      "jangan-dibalas@be-py.cyou"
    ],
    "content_type": [
      "testimonial",
      "memberstory"
    ],
    "object_id": "1",
    "object_repr": "alviandk@gmail.com's story",
    "action_flag": 1,
    "change_message": "[{\"added\": {}}]"
  }
},
{
  "model": "admin.logentry",
  "pk": 5,
  "fields": {
    "action_time": "2021-02-11T15:10:30.014Z",
    "user": [
      "jangan-dibalas@be-py.cyou"
    ],
    "content_type": [
      "testimonial",
      "memberstory"
    ],
    "object_id": "2",
    "object_repr": "dea.dania.business@gmail.com's story",
    "action_flag": 1,
    "change_message": "[{\"added\": {}}]"
  }
},
{
  "model": "admin.logentry",
  "pk": 6,
  "fields": {
    "action_time": "2021-02-11T15:21:43.156Z",
    "user": [
      "jangan-dibalas@be-py.cyou"
    ],
    "content_type": [
      "testimonial",
      "memberstory"
    ],
    "object_id": "3",
    "object_repr": "anndtprtw@gmail.com's story",
    "action_flag": 1,
    "change_message": "[{\"added\": {}}]"
  }
},
{
  "model": "admin.logentry",
  "pk": 7,
  "fields": {
    "action_time": "2021-02-11T15:21:53.827Z",
    "user": [
      "jangan-dibalas@be-py.cyou"
    ],
    "content_type": [
      "testimonial",
      "memberstory"
    ],
    "object_id": "4",
    "object_repr": "dimansional@gmail.com's story",
    "action_flag": 1,
    "change_message": "[{\"added\": {}}]"
  }
},
{
  "model": "admin.logentry",
  "pk": 8,
  "fields": {
    "action_time": "2021-02-11T15:22:05.743Z",
    "user": [
      "jangan-dibalas@be-py.cyou"
    ],
    "content_type": [
      "testimonial",
      "memberstory"
    ],
    "object_id": "5",
    "object_repr": "nrita107@gmail.com's story",
    "action_flag": 1,
    "change_message": "[{\"added\": {}}]"
  }
},
{
  "model": "admin.logentry",
  "pk": 9,
  "fields": {
    "action_time": "2021-02-11T15:22:21.586Z",
    "user": [
      "jangan-dibalas@be-py.cyou"
    ],
    "content_type": [
      "testimonial",
      "memberstory"
    ],
    "object_id": "6",
    "object_repr": "sukmadyu@gmail.com's story",
    "action_flag": 1,
    "change_message": "[{\"added\": {}}]"
  }
},
{
  "model": "admin.logentry",
  "pk": 10,
  "fields": {
    "action_time": "2021-02-11T15:22:32.070Z",
    "user": [
      "jangan-dibalas@be-py.cyou"
    ],
    "content_type": [
      "testimonial",
      "memberstory"
    ],
    "object_id": "7",
    "object_repr": "vickyindahwati@gmail.com's story",
    "action_flag": 1,
    "change_message": "[{\"added\": {}}]"
  }
},
{
  "model": "admin.logentry",
  "pk": 11,
  "fields": {
    "action_time": "2021-02-11T16:00:24.596Z",
    "user": [
      "sukmadyu@gmail.com"
    ],
    "content_type": [
      "user",
      "dpluser"
    ],
    "object_id": "10",
    "object_repr": "sukmadyu@gmail.com",
    "action_flag": 2,
    "change_message": "[{\"added\": {\"name\": \"user profile\", \"object\": \"sukmadyu@gmail.com's profile\"}}, {\"added\": {\"name\": \"profesional profile\", \"object\": \"sukmadyu@gmail.com's profile\"}}]"
  }
},
{
  "model": "admin.logentry",
  "pk": 12,
  "fields": {
    "action_time": "2021-02-11T16:01:52.066Z",
    "user": [
      "sukmadyu@gmail.com"
    ],
    "content_type": [
      "user",
      "dpluser"
    ],
    "object_id": "10",
    "object_repr": "sukmadyu@gmail.com",
    "action_flag": 2,
    "change_message": "[{\"changed\": {\"name\": \"user profile\", \"object\": \"sukmadyu@gmail.com's profile\", \"fields\": [\"Profile picture\"]}}]"
  }
},
{
  "model": "admin.logentry",
  "pk": 13,
  "fields": {
    "action_time": "2021-02-11T16:13:10.848Z",
    "user": [
      "dimansional@gmail.com"
    ],
    "content_type": [
      "user",
      "dpluser"
    ],
    "object_id": "6",
    "object_repr": "dimansional@gmail.com",
    "action_flag": 2,
    "change_message": "[{\"added\": {\"name\": \"user profile\", \"object\": \"dimansional@gmail.com's profile\"}}, {\"added\": {\"name\": \"profesional profile\", \"object\": \"dimansional@gmail.com's profile\"}}]"
  }
},
{
  "model": "admin.logentry",
  "pk": 14,
  "fields": {
    "action_time": "2021-02-11T17:19:39.476Z",
    "user": [
      "dea.dania.business@gmail.com"
    ],
    "content_type": [
      "user",
      "dpluser"
    ],
    "object_id": "11",
    "object_repr": "dea.dania.business@gmail.com",
    "action_flag": 2,
    "change_message": "[{\"added\": {\"name\": \"user profile\", \"object\": \"dea.dania.business@gmail.com's profile\"}}, {\"added\": {\"name\": \"profesional profile\", \"object\": \"dea.dania.business@gmail.com's profile\"}}]"
  }
},
{
  "model": "admin.logentry",
  "pk": 15,
  "fields": {
    "action_time": "2021-02-11T17:22:58.533Z",
    "user": [
      "jangan-dibalas@be-py.cyou"
    ],
    "content_type": [
      "static_page",
      "contactmessage"
    ],
    "object_id": "3",
    "object_repr": "ContactMessage object (3)",
    "action_flag": 3,
    "change_message": ""
  }
},
{
  "model": "admin.logentry",
  "pk": 16,
  "fields": {
    "action_time": "2021-02-11T18:51:34.705Z",
    "user": [
      "jangan-dibalas@be-py.cyou"
    ],
    "content_type": [
      "portfolio",
      "project"
    ],
    "object_id": "1",
    "object_repr": "Log Parser Web App dengan Framework Flask",
    "action_flag": 1,
    "change_message": "[{\"added\": {}}]"
  }
},
{
  "model": "admin.logentry",
  "pk": 17,
  "fields": {
    "action_time": "2021-02-11T18:52:09.535Z",
    "user": [
      "jangan-dibalas@be-py.cyou"
    ],
    "content_type": [
      "portfolio",
      "project"
    ],
    "object_id": "2",
    "object_repr": "Automated Black Box Testing Menggunakan Selenium Python",
    "action_flag": 1,
    "change_message": "[{\"added\": {}}]"
  }
},
{
  "model": "admin.logentry",
  "pk": 18,
  "fields": {
    "action_time": "2021-02-11T18:52:45.807Z",
    "user": [
      "jangan-dibalas@be-py.cyou"
    ],
    "content_type": [
      "portfolio",
      "project"
    ],
    "object_id": "3",
    "object_repr": "Pembelajaran  Pemrograman Python Menggunakan Framework Django",
    "action_flag": 1,
    "change_message": "[{\"added\": {}}]"
  }
},
{
  "model": "admin.logentry",
  "pk": 19,
  "fields": {
    "action_time": "2021-02-11T18:53:20.959Z",
    "user": [
      "jangan-dibalas@be-py.cyou"
    ],
    "content_type": [
      "portfolio",
      "project"
    ],
    "object_id": "4",
    "object_repr": "Website Alliance Violin Community  dengan Framework Django",
    "action_flag": 1,
    "change_message": "[{\"added\": {}}]"
  }
},
{
  "model": "admin.logentry",
  "pk": 20,
  "fields": {
    "action_time": "2021-02-11T18:59:08.074Z",
    "user": [
      "jangan-dibalas@be-py.cyou"
    ],
    "content_type": [
      "portfolio",
      "project"
    ],
    "object_id": "1",
    "object_repr": "Log Parser Web App dengan Framework Flask",
    "action_flag": 2,
    "change_message": "[{\"changed\": {\"fields\": [\"Description\"]}}]"
  }
},
{
  "model": "admin.logentry",
  "pk": 21,
  "fields": {
    "action_time": "2021-02-11T19:33:43.450Z",
    "user": [
      "jangan-dibalas@be-py.cyou"
    ],
    "content_type": [
      "user",
      "dpluser"
    ],
    "object_id": "10",
    "object_repr": "sukmadyu@gmail.com",
    "action_flag": 2,
    "change_message": "[{\"changed\": {\"name\": \"user profile\", \"object\": \"sukmadyu@gmail.com's profile\", \"fields\": [\"Profile picture\"]}}]"
  }
},
{
  "model": "admin.logentry",
  "pk": 22,
  "fields": {
    "action_time": "2021-02-11T19:34:49.218Z",
    "user": [
      "jangan-dibalas@be-py.cyou"
    ],
    "content_type": [
      "user",
      "dpluser"
    ],
    "object_id": "10",
    "object_repr": "sukmadyu@gmail.com",
    "action_flag": 2,
    "change_message": "[{\"changed\": {\"name\": \"user profile\", \"object\": \"sukmadyu@gmail.com's profile\", \"fields\": [\"Profile picture\"]}}]"
  }
},
{
  "model": "admin.logentry",
  "pk": 23,
  "fields": {
    "action_time": "2021-02-11T19:37:12.199Z",
    "user": [
      "jangan-dibalas@be-py.cyou"
    ],
    "content_type": [
      "user",
      "dpluser"
    ],
    "object_id": "11",
    "object_repr": "dea.dania.business@gmail.com",
    "action_flag": 2,
    "change_message": "[{\"changed\": {\"name\": \"user profile\", \"object\": \"dea.dania.business@gmail.com's profile\", \"fields\": [\"Profile picture\"]}}]"
  }
},
{
  "model": "admin.logentry",
  "pk": 24,
  "fields": {
    "action_time": "2021-02-11T19:38:31.901Z",
    "user": [
      "jangan-dibalas@be-py.cyou"
    ],
    "content_type": [
      "user",
      "dpluser"
    ],
    "object_id": "6",
    "object_repr": "dimansional@gmail.com",
    "action_flag": 2,
    "change_message": "[{\"changed\": {\"name\": \"user profile\", \"object\": \"dimansional@gmail.com's profile\", \"fields\": [\"Name\"]}}]"
  }
},
{
  "model": "admin.logentry",
  "pk": 25,
  "fields": {
    "action_time": "2021-02-11T19:38:44.021Z",
    "user": [
      "jangan-dibalas@be-py.cyou"
    ],
    "content_type": [
      "user",
      "dpluser"
    ],
    "object_id": "11",
    "object_repr": "dea.dania.business@gmail.com",
    "action_flag": 2,
    "change_message": "[{\"changed\": {\"name\": \"user profile\", \"object\": \"dea.dania.business@gmail.com's profile\", \"fields\": [\"Name\"]}}]"
  }
},
{
  "model": "admin.logentry",
  "pk": 26,
  "fields": {
    "action_time": "2021-02-12T01:43:42.538Z",
    "user": [
      "dea.dania.business@gmail.com"
    ],
    "content_type": [
      "user",
      "dpluser"
    ],
    "object_id": "11",
    "object_repr": "dea.dania.business@gmail.com",
    "action_flag": 2,
    "change_message": "[{\"changed\": {\"name\": \"profesional profile\", \"object\": \"dea.dania.business@gmail.com's profile\", \"fields\": [\"Company name\"]}}]"
  }
},
{
  "model": "admin.logentry",
  "pk": 27,
  "fields": {
    "action_time": "2021-02-12T04:37:02.438Z",
    "user": [
      "nrita107@gmail.com"
    ],
    "content_type": [
      "user",
      "dpluser"
    ],
    "object_id": "9",
    "object_repr": "nrita107@gmail.com",
    "action_flag": 2,
    "change_message": "[{\"added\": {\"name\": \"user profile\", \"object\": \"nrita107@gmail.com's profile\"}}, {\"added\": {\"name\": \"profesional profile\", \"object\": \"nrita107@gmail.com's profile\"}}]"
  }
},
{
  "model": "admin.logentry",
  "pk": 28,
  "fields": {
    "action_time": "2021-02-12T05:01:18.733Z",
    "user": [
      "jangan-dibalas@be-py.cyou"
    ],
    "content_type": [
      "user",
      "dpluser"
    ],
    "object_id": "9",
    "object_repr": "nrita107@gmail.com",
    "action_flag": 2,
    "change_message": "[{\"changed\": {\"name\": \"user profile\", \"object\": \"nrita107@gmail.com's profile\", \"fields\": [\"Profile picture\"]}}]"
  }
},
{
  "model": "admin.logentry",
  "pk": 29,
  "fields": {
    "action_time": "2021-02-12T07:23:46.132Z",
    "user": [
      "jangan-dibalas@be-py.cyou"
    ],
    "content_type": [
      "portfolio",
      "project"
    ],
    "object_id": "2",
    "object_repr": "Automated Black Box Testing Menggunakan Selenium Python",
    "action_flag": 2,
    "change_message": "[{\"changed\": {\"fields\": [\"Description\"]}}]"
  }
},
{
  "model": "admin.logentry",
  "pk": 30,
  "fields": {
    "action_time": "2021-02-12T07:40:52.654Z",
    "user": [
      "jangan-dibalas@be-py.cyou"
    ],
    "content_type": [
      "portfolio",
      "project"
    ],
    "object_id": "5",
    "object_repr": "Dango - Simple Image Editor dengan Wandd Library",
    "action_flag": 1,
    "change_message": "[{\"added\": {}}]"
  }
},
{
  "model": "admin.logentry",
  "pk": 31,
  "fields": {
    "action_time": "2021-02-12T07:41:41.824Z",
    "user": [
      "jangan-dibalas@be-py.cyou"
    ],
    "content_type": [
      "portfolio",
      "project"
    ],
    "object_id": "5",
    "object_repr": "Dango - Simple Image Editor dengan Wandd Library",
    "action_flag": 2,
    "change_message": "[{\"changed\": {\"fields\": [\"Cover image\"]}}]"
  }
},
{
  "model": "admin.logentry",
  "pk": 32,
  "fields": {
    "action_time": "2021-02-12T07:42:08.472Z",
    "user": [
      "jangan-dibalas@be-py.cyou"
    ],
    "content_type": [
      "portfolio",
      "project"
    ],
    "object_id": "5",
    "object_repr": "Dango - Simple Image Editor dengan Wandd Library",
    "action_flag": 2,
    "change_message": "[{\"changed\": {\"fields\": [\"Cover image\"]}}]"
  }
},
{
  "model": "admin.logentry",
  "pk": 33,
  "fields": {
    "action_time": "2021-02-12T07:43:19.258Z",
    "user": [
      "jangan-dibalas@be-py.cyou"
    ],
    "content_type": [
      "portfolio",
      "project"
    ],
    "object_id": "4",
    "object_repr": "Website Alliance Violin Community  dengan Framework Django",
    "action_flag": 2,
    "change_message": "[{\"changed\": {\"fields\": [\"Cover image\"]}}]"
  }
},
{
  "model": "admin.logentry",
  "pk": 34,
  "fields": {
    "action_time": "2021-02-12T07:44:55.803Z",
    "user": [
      "jangan-dibalas@be-py.cyou"
    ],
    "content_type": [
      "portfolio",
      "project"
    ],
    "object_id": "5",
    "object_repr": "Dango - Simple Image Editor dengan Wandd Library",
    "action_flag": 2,
    "change_message": "[{\"changed\": {\"fields\": [\"Description\"]}}]"
  }
},
{
  "model": "admin.logentry",
  "pk": 35,
  "fields": {
    "action_time": "2021-02-12T07:45:14.192Z",
    "user": [
      "jangan-dibalas@be-py.cyou"
    ],
    "content_type": [
      "portfolio",
      "project"
    ],
    "object_id": "3",
    "object_repr": "Pembelajaran  Pemrograman Python Menggunakan Framework Django",
    "action_flag": 2,
    "change_message": "[{\"changed\": {\"fields\": [\"Description\"]}}]"
  }
},
{
  "model": "admin.logentry",
  "pk": 36,
  "fields": {
    "action_time": "2021-02-12T07:49:28.783Z",
    "user": [
      "jangan-dibalas@be-py.cyou"
    ],
    "content_type": [
      "portfolio",
      "project"
    ],
    "object_id": "1",
    "object_repr": "Log Parser Web App dengan Framework Flask",
    "action_flag": 2,
    "change_message": "[{\"changed\": {\"fields\": [\"Description\"]}}]"
  }
},
{
  "model": "admin.logentry",
  "pk": 37,
  "fields": {
    "action_time": "2021-02-12T07:55:53.164Z",
    "user": [
      "jangan-dibalas@be-py.cyou"
    ],
    "content_type": [
      "portfolio",
      "project"
    ],
    "object_id": "2",
    "object_repr": "Automated Black Box Testing Menggunakan Selenium Python",
    "action_flag": 2,
    "change_message": "[{\"changed\": {\"fields\": [\"Description\"]}}]"
  }
},
{
  "model": "admin.logentry",
  "pk": 38,
  "fields": {
    "action_time": "2021-02-12T08:35:35.447Z",
    "user": [
      "dimansional@gmail.com"
    ],
    "content_type": [
      "user",
      "dpluser"
    ],
    "object_id": "6",
    "object_repr": "dimansional@gmail.com",
    "action_flag": 2,
    "change_message": "[{\"changed\": {\"name\": \"user profile\", \"object\": \"dimansional@gmail.com's profile\", \"fields\": [\"Profile picture\"]}}]"
  }
},
{
  "model": "admin.logentry",
  "pk": 39,
  "fields": {
    "action_time": "2021-02-12T10:06:48.327Z",
    "user": [
      "anndtprtw@gmail.com"
    ],
    "content_type": [
      "user",
      "dpluser"
    ],
    "object_id": "7",
    "object_repr": "anndtprtw@gmail.com",
    "action_flag": 2,
    "change_message": "[{\"added\": {\"name\": \"user profile\", \"object\": \"anndtprtw@gmail.com's profile\"}}, {\"added\": {\"name\": \"profesional profile\", \"object\": \"anndtprtw@gmail.com's profile\"}}]"
  }
},
{
  "model": "admin.logentry",
  "pk": 40,
  "fields": {
    "action_time": "2021-02-12T13:00:55.564Z",
    "user": [
      "jangan-dibalas@be-py.cyou"
    ],
    "content_type": [
      "user",
      "dpluser"
    ],
    "object_id": "7",
    "object_repr": "anndtprtw@gmail.com",
    "action_flag": 2,
    "change_message": "[{\"changed\": {\"name\": \"user profile\", \"object\": \"anndtprtw@gmail.com's profile\", \"fields\": [\"Profile picture\"]}}]"
  }
},
{
  "model": "admin.logentry",
  "pk": 41,
  "fields": {
    "action_time": "2021-02-12T13:02:15.418Z",
    "user": [
      "jangan-dibalas@be-py.cyou"
    ],
    "content_type": [
      "user",
      "dpluser"
    ],
    "object_id": "7",
    "object_repr": "anndtprtw@gmail.com",
    "action_flag": 2,
    "change_message": "[{\"changed\": {\"name\": \"user profile\", \"object\": \"anndtprtw@gmail.com's profile\", \"fields\": [\"Profile picture\"]}}]"
  }
},
{
  "model": "admin.logentry",
  "pk": 42,
  "fields": {
    "action_time": "2021-02-12T13:38:30.287Z",
    "user": [
      "jangan-dibalas@be-py.cyou"
    ],
    "content_type": [
      "portfolio",
      "project"
    ],
    "object_id": "6",
    "object_repr": "Search Engine dalam Website E-commerce Menggunakan Elasticsearch",
    "action_flag": 1,
    "change_message": "[{\"added\": {}}]"
  }
},
{
  "model": "admin.logentry",
  "pk": 43,
  "fields": {
    "action_time": "2021-02-12T13:40:41.884Z",
    "user": [
      "jangan-dibalas@be-py.cyou"
    ],
    "content_type": [
      "portfolio",
      "project"
    ],
    "object_id": "6",
    "object_repr": "Search Engine dalam Website E-commerce Menggunakan Elasticsearch",
    "action_flag": 2,
    "change_message": "[{\"changed\": {\"fields\": [\"Cover image\"]}}]"
  }
},
{
  "model": "admin.logentry",
  "pk": 44,
  "fields": {
    "action_time": "2021-02-12T13:41:33.401Z",
    "user": [
      "jangan-dibalas@be-py.cyou"
    ],
    "content_type": [
      "portfolio",
      "project"
    ],
    "object_id": "6",
    "object_repr": "Search Engine dalam Website E-commerce Menggunakan Elasticsearch",
    "action_flag": 2,
    "change_message": "[{\"changed\": {\"fields\": [\"Cover image\"]}}]"
  }
},
{
  "model": "admin.logentry",
  "pk": 45,
  "fields": {
    "action_time": "2021-02-12T13:42:36.908Z",
    "user": [
      "jangan-dibalas@be-py.cyou"
    ],
    "content_type": [
      "portfolio",
      "project"
    ],
    "object_id": "6",
    "object_repr": "Search Engine dalam Website E-commerce Menggunakan Elasticsearch",
    "action_flag": 2,
    "change_message": "[{\"changed\": {\"fields\": [\"Cover image\"]}}]"
  }
},
{
  "model": "admin.logentry",
  "pk": 46,
  "fields": {
    "action_time": "2021-02-12T13:43:11.625Z",
    "user": [
      "jangan-dibalas@be-py.cyou"
    ],
    "content_type": [
      "portfolio",
      "project"
    ],
    "object_id": "6",
    "object_repr": "Search Engine dalam E-commerce dengan Elasticsearch",
    "action_flag": 2,
    "change_message": "[{\"changed\": {\"fields\": [\"Name\"]}}]"
  }
},
{
  "model": "admin.logentry",
  "pk": 47,
  "fields": {
    "action_time": "2021-02-12T13:43:41.722Z",
    "user": [
      "jangan-dibalas@be-py.cyou"
    ],
    "content_type": [
      "portfolio",
      "project"
    ],
    "object_id": "6",
    "object_repr": "Search Engine dalam E-commerce dengan Elasticsearch",
    "action_flag": 2,
    "change_message": "[{\"changed\": {\"fields\": [\"Cover image\"]}}]"
  }
},
{
  "model": "admin.logentry",
  "pk": 48,
  "fields": {
    "action_time": "2021-02-12T13:44:22.993Z",
    "user": [
      "jangan-dibalas@be-py.cyou"
    ],
    "content_type": [
      "portfolio",
      "project"
    ],
    "object_id": "6",
    "object_repr": "Search Engine dalam E-commerce dengan Elasticsearch",
    "action_flag": 2,
    "change_message": "[{\"changed\": {\"fields\": [\"Cover image\"]}}]"
  }
},
{
  "model": "admin.logentry",
  "pk": 49,
  "fields": {
    "action_time": "2021-02-12T13:44:45.145Z",
    "user": [
      "jangan-dibalas@be-py.cyou"
    ],
    "content_type": [
      "portfolio",
      "project"
    ],
    "object_id": "6",
    "object_repr": "Search Engine dalam E-commerce dengan Elasticsearch",
    "action_flag": 2,
    "change_message": "[{\"changed\": {\"fields\": [\"Cover image\"]}}]"
  }
},
{
  "model": "admin.logentry",
  "pk": 50,
  "fields": {
    "action_time": "2021-02-12T13:45:15.765Z",
    "user": [
      "jangan-dibalas@be-py.cyou"
    ],
    "content_type": [
      "portfolio",
      "project"
    ],
    "object_id": "6",
    "object_repr": "Search Engine dalam E-commerce dengan Elasticsearch",
    "action_flag": 2,
    "change_message": "[{\"changed\": {\"fields\": [\"Cover image\"]}}]"
  }
},
{
  "model": "admin.logentry",
  "pk": 51,
  "fields": {
    "action_time": "2021-02-12T14:13:37.673Z",
    "user": [
      "jangan-dibalas@be-py.cyou"
    ],
    "content_type": [
      "portfolio",
      "project"
    ],
    "object_id": "6",
    "object_repr": "Search Engine dalam E-commerce dengan Elasticsearch",
    "action_flag": 2,
    "change_message": "[{\"changed\": {\"fields\": [\"Git url\"]}}]"
  }
},
{
  "model": "admin.logentry",
  "pk": 52,
  "fields": {
    "action_time": "2021-02-12T19:57:57.120Z",
    "user": [
      "jangan-dibalas@be-py.cyou"
    ],
    "content_type": [
      "testimonial",
      "memberstory"
    ],
    "object_id": "1",
    "object_repr": "alviandk@gmail.com's story",
    "action_flag": 2,
    "change_message": "[{\"changed\": {\"fields\": [\"Synopsis\", \"Story\"]}}]"
  }
},
{
  "model": "admin.logentry",
  "pk": 53,
  "fields": {
    "action_time": "2021-02-12T20:00:04.413Z",
    "user": [
      "jangan-dibalas@be-py.cyou"
    ],
    "content_type": [
      "testimonial",
      "memberstory"
    ],
    "object_id": "5",
    "object_repr": "nrita107@gmail.com's story",
    "action_flag": 2,
    "change_message": "[{\"changed\": {\"fields\": [\"Synopsis\"]}}]"
  }
},
{
  "model": "admin.logentry",
  "pk": 54,
  "fields": {
    "action_time": "2021-02-12T20:01:49.723Z",
    "user": [
      "jangan-dibalas@be-py.cyou"
    ],
    "content_type": [
      "testimonial",
      "memberstory"
    ],
    "object_id": "3",
    "object_repr": "anndtprtw@gmail.com's story",
    "action_flag": 2,
    "change_message": "[{\"changed\": {\"fields\": [\"Synopsis\"]}}]"
  }
},
{
  "model": "admin.logentry",
  "pk": 55,
  "fields": {
    "action_time": "2021-02-12T20:03:02.458Z",
    "user": [
      "jangan-dibalas@be-py.cyou"
    ],
    "content_type": [
      "testimonial",
      "memberstory"
    ],
    "object_id": "6",
    "object_repr": "sukmadyu@gmail.com's story",
    "action_flag": 2,
    "change_message": "[{\"changed\": {\"fields\": [\"Synopsis\"]}}]"
  }
},
{
  "model": "admin.logentry",
  "pk": 56,
  "fields": {
    "action_time": "2021-02-12T20:04:45.274Z",
    "user": [
      "jangan-dibalas@be-py.cyou"
    ],
    "content_type": [
      "testimonial",
      "memberstory"
    ],
    "object_id": "4",
    "object_repr": "dimansional@gmail.com's story",
    "action_flag": 2,
    "change_message": "[{\"changed\": {\"fields\": [\"Synopsis\"]}}]"
  }
},
{
  "model": "admin.logentry",
  "pk": 57,
  "fields": {
    "action_time": "2021-02-12T20:05:07.714Z",
    "user": [
      "jangan-dibalas@be-py.cyou"
    ],
    "content_type": [
      "testimonial",
      "memberstory"
    ],
    "object_id": "4",
    "object_repr": "dimansional@gmail.com's story",
    "action_flag": 2,
    "change_message": "[{\"changed\": {\"fields\": [\"Synopsis\"]}}]"
  }
},
{
  "model": "admin.logentry",
  "pk": 58,
  "fields": {
    "action_time": "2021-02-12T20:06:21.507Z",
    "user": [
      "jangan-dibalas@be-py.cyou"
    ],
    "content_type": [
      "testimonial",
      "memberstory"
    ],
    "object_id": "2",
    "object_repr": "dea.dania.business@gmail.com's story",
    "action_flag": 2,
    "change_message": "[{\"changed\": {\"fields\": [\"Synopsis\"]}}]"
  }
},
{
  "model": "admin.logentry",
  "pk": 59,
  "fields": {
    "action_time": "2021-02-12T20:06:45.804Z",
    "user": [
      "jangan-dibalas@be-py.cyou"
    ],
    "content_type": [
      "testimonial",
      "memberstory"
    ],
    "object_id": "2",
    "object_repr": "dea.dania.business@gmail.com's story",
    "action_flag": 2,
    "change_message": "[{\"changed\": {\"fields\": [\"Synopsis\"]}}]"
  }
},
{
  "model": "admin.logentry",
  "pk": 60,
  "fields": {
    "action_time": "2021-02-12T20:07:11.705Z",
    "user": [
      "jangan-dibalas@be-py.cyou"
    ],
    "content_type": [
      "testimonial",
      "memberstory"
    ],
    "object_id": "2",
    "object_repr": "dea.dania.business@gmail.com's story",
    "action_flag": 2,
    "change_message": "[{\"changed\": {\"fields\": [\"Synopsis\"]}}]"
  }
},
{
  "model": "admin.logentry",
  "pk": 61,
  "fields": {
    "action_time": "2021-02-12T20:11:06.571Z",
    "user": [
      "jangan-dibalas@be-py.cyou"
    ],
    "content_type": [
      "user",
      "dpluser"
    ],
    "object_id": "8",
    "object_repr": "vickyindahwati@gmail.com",
    "action_flag": 2,
    "change_message": "[{\"added\": {\"name\": \"user profile\", \"object\": \"vickyindahwati@gmail.com's profile\"}}, {\"added\": {\"name\": \"profesional profile\", \"object\": \"vickyindahwati@gmail.com's profile\"}}]"
  }
},
{
  "model": "admin.logentry",
  "pk": 62,
  "fields": {
    "action_time": "2021-02-12T20:12:14.088Z",
    "user": [
      "jangan-dibalas@be-py.cyou"
    ],
    "content_type": [
      "testimonial",
      "memberstory"
    ],
    "object_id": "7",
    "object_repr": "vickyindahwati@gmail.com's story",
    "action_flag": 2,
    "change_message": "[{\"changed\": {\"fields\": [\"Synopsis\"]}}]"
  }
},
{
  "model": "admin.logentry",
  "pk": 63,
  "fields": {
    "action_time": "2021-02-12T20:13:04.919Z",
    "user": [
      "jangan-dibalas@be-py.cyou"
    ],
    "content_type": [
      "auth",
      "group"
    ],
    "object_id": "1",
    "object_repr": "edit_profile_from_admin",
    "action_flag": 2,
    "change_message": "[{\"changed\": {\"fields\": [\"Permissions\"]}}]"
  }
},
{
  "model": "admin.logentry",
  "pk": 64,
  "fields": {
    "action_time": "2021-02-12T20:14:41.817Z",
    "user": [
      "jangan-dibalas@be-py.cyou"
    ],
    "content_type": [
      "testimonial",
      "memberstory"
    ],
    "object_id": "1",
    "object_repr": "alviandk@gmail.com's story",
    "action_flag": 2,
    "change_message": "[{\"changed\": {\"fields\": [\"Story\"]}}]"
  }
},
{
  "model": "admin.logentry",
  "pk": 65,
  "fields": {
    "action_time": "2021-02-12T20:15:20.475Z",
    "user": [
      "jangan-dibalas@be-py.cyou"
    ],
    "content_type": [
      "testimonial",
      "memberstory"
    ],
    "object_id": "1",
    "object_repr": "alviandk@gmail.com's story",
    "action_flag": 2,
    "change_message": "[{\"changed\": {\"fields\": [\"Story\"]}}]"
  }
},
{
  "model": "admin.logentry",
  "pk": 66,
  "fields": {
    "action_time": "2021-02-12T20:26:24.692Z",
    "user": [
      "jangan-dibalas@be-py.cyou"
    ],
    "content_type": [
      "testimonial",
      "memberstory"
    ],
    "object_id": "5",
    "object_repr": "nrita107@gmail.com's story",
    "action_flag": 2,
    "change_message": "[{\"changed\": {\"fields\": [\"Synopsis\"]}}]"
  }
},
{
  "model": "admin.logentry",
  "pk": 67,
  "fields": {
    "action_time": "2021-02-12T20:27:12.094Z",
    "user": [
      "jangan-dibalas@be-py.cyou"
    ],
    "content_type": [
      "testimonial",
      "memberstory"
    ],
    "object_id": "5",
    "object_repr": "nrita107@gmail.com's story",
    "action_flag": 2,
    "change_message": "[{\"changed\": {\"fields\": [\"Synopsis\"]}}]"
  }
},
{
  "model": "admin.logentry",
  "pk": 68,
  "fields": {
    "action_time": "2021-02-12T20:27:42.703Z",
    "user": [
      "jangan-dibalas@be-py.cyou"
    ],
    "content_type": [
      "testimonial",
      "memberstory"
    ],
    "object_id": "7",
    "object_repr": "vickyindahwati@gmail.com's story",
    "action_flag": 2,
    "change_message": "[{\"changed\": {\"fields\": [\"Synopsis\"]}}]"
  }
},
{
  "model": "admin.logentry",
  "pk": 69,
  "fields": {
    "action_time": "2021-02-12T20:39:52.292Z",
    "user": [
      "jangan-dibalas@be-py.cyou"
    ],
    "content_type": [
      "testimonial",
      "memberstory"
    ],
    "object_id": "3",
    "object_repr": "anndtprtw@gmail.com's story",
    "action_flag": 2,
    "change_message": "[{\"changed\": {\"fields\": [\"Synopsis\"]}}]"
  }
},
{
  "model": "admin.logentry",
  "pk": 70,
  "fields": {
    "action_time": "2021-02-12T21:29:39.505Z",
    "user": [
      "dimansional@gmail.com"
    ],
    "content_type": [
      "testimonial",
      "memberstory"
    ],
    "object_id": "4",
    "object_repr": "dimansional@gmail.com's story",
    "action_flag": 2,
    "change_message": "[{\"changed\": {\"fields\": [\"Story\"]}}]"
  }
},
{
  "model": "admin.logentry",
  "pk": 71,
  "fields": {
    "action_time": "2021-02-12T21:32:10.985Z",
    "user": [
      "dimansional@gmail.com"
    ],
    "content_type": [
      "testimonial",
      "memberstory"
    ],
    "object_id": "4",
    "object_repr": "dimansional@gmail.com's story",
    "action_flag": 2,
    "change_message": "[{\"changed\": {\"fields\": [\"Story\"]}}]"
  }
},
{
  "model": "admin.logentry",
  "pk": 72,
  "fields": {
    "action_time": "2021-02-13T08:19:56.346Z",
    "user": [
      "nrita107@gmail.com"
    ],
    "content_type": [
      "testimonial",
      "memberstory"
    ],
    "object_id": "5",
    "object_repr": "nrita107@gmail.com's story",
    "action_flag": 2,
    "change_message": "[{\"changed\": {\"fields\": [\"Story\"]}}]"
  }
},
{
  "model": "admin.logentry",
  "pk": 73,
  "fields": {
    "action_time": "2021-02-13T09:43:37.685Z",
    "user": [
      "jangan-dibalas@be-py.cyou"
    ],
    "content_type": [
      "testimonial",
      "memberstory"
    ],
    "object_id": "1",
    "object_repr": "alviandk@gmail.com's story",
    "action_flag": 2,
    "change_message": "[{\"changed\": {\"fields\": [\"Story\"]}}]"
  }
},
{
  "model": "admin.logentry",
  "pk": 74,
  "fields": {
    "action_time": "2021-02-13T09:45:07.862Z",
    "user": [
      "jangan-dibalas@be-py.cyou"
    ],
    "content_type": [
      "testimonial",
      "memberstory"
    ],
    "object_id": "1",
    "object_repr": "alviandk@gmail.com's story",
    "action_flag": 2,
    "change_message": "[{\"changed\": {\"fields\": [\"Story\"]}}]"
  }
},
{
  "model": "admin.logentry",
  "pk": 75,
  "fields": {
    "action_time": "2021-02-13T11:52:00.757Z",
    "user": [
      "dea.dania.business@gmail.com"
    ],
    "content_type": [
      "testimonial",
      "memberstory"
    ],
    "object_id": "2",
    "object_repr": "dea.dania.business@gmail.com's story",
    "action_flag": 2,
    "change_message": "[{\"changed\": {\"fields\": [\"Story\"]}}]"
  }
},
{
  "model": "admin.logentry",
  "pk": 76,
  "fields": {
    "action_time": "2021-02-13T11:55:02.844Z",
    "user": [
      "dea.dania.business@gmail.com"
    ],
    "content_type": [
      "testimonial",
      "memberstory"
    ],
    "object_id": "2",
    "object_repr": "dea.dania.business@gmail.com's story",
    "action_flag": 2,
    "change_message": "[{\"changed\": {\"fields\": [\"Story\"]}}]"
  }
},
{
  "model": "admin.logentry",
  "pk": 77,
  "fields": {
    "action_time": "2021-02-13T11:58:03.185Z",
    "user": [
      "dea.dania.business@gmail.com"
    ],
    "content_type": [
      "testimonial",
      "memberstory"
    ],
    "object_id": "2",
    "object_repr": "dea.dania.business@gmail.com's story",
    "action_flag": 2,
    "change_message": "[{\"changed\": {\"fields\": [\"Story\"]}}]"
  }
},
{
  "model": "admin.logentry",
  "pk": 78,
  "fields": {
    "action_time": "2021-02-13T15:40:48.445Z",
    "user": [
      "jangan-dibalas@be-py.cyou"
    ],
    "content_type": [
      "course",
      "course"
    ],
    "object_id": "1",
    "object_repr": "Deploy Aplikasi Django ke Alibaba Cloud ECS",
    "action_flag": 1,
    "change_message": "[{\"added\": {}}, {\"added\": {\"name\": \"module\", \"object\": \"course: 1, module: Membuat Akun Alibaba Cloud\"}}, {\"added\": {\"name\": \"module\", \"object\": \"course: 1, module: Memilih Produk ECS\"}}, {\"added\": {\"name\": \"module\", \"object\": \"course: 1, module: Install Requirement\"}}, {\"added\": {\"name\": \"module\", \"object\": \"course: 1, module: Setup Nginx\"}}, {\"added\": {\"name\": \"module\", \"object\": \"course: 1, module: Setup Domain Website\"}}, {\"added\": {\"name\": \"module\", \"object\": \"course: 1, module: Setup Https\"}}]"
  }
},
{
  "model": "admin.logentry",
  "pk": 79,
  "fields": {
    "action_time": "2021-02-15T10:06:12.211Z",
    "user": [
      "anndtprtw@gmail.com"
    ],
    "content_type": [
      "testimonial",
      "memberstory"
    ],
    "object_id": "3",
    "object_repr": "anndtprtw@gmail.com's story",
    "action_flag": 2,
    "change_message": "[{\"changed\": {\"fields\": [\"Synopsis\", \"Story\"]}}]"
  }
},
{
  "model": "admin.logentry",
  "pk": 80,
  "fields": {
    "action_time": "2021-02-15T11:18:22.772Z",
    "user": [
      "jangan-dibalas@be-py.cyou"
    ],
    "content_type": [
      "testimonial",
      "memberstory"
    ],
    "object_id": "7",
    "object_repr": "vickyindahwati@gmail.com's story",
    "action_flag": 3,
    "change_message": ""
  }
},
{
  "model": "admin.logentry",
  "pk": 81,
  "fields": {
    "action_time": "2021-02-15T11:52:02.749Z",
    "user": [
      "jangan-dibalas@be-py.cyou"
    ],
    "content_type": [
      "course",
      "course"
    ],
    "object_id": "2",
    "object_repr": "Dasar - Dasar Python",
    "action_flag": 1,
    "change_message": "[{\"added\": {}}, {\"added\": {\"name\": \"module\", \"object\": \"course: 2, module: Pengenalan Python\"}}, {\"added\": {\"name\": \"module\", \"object\": \"course: 2, module: Operator\"}}, {\"added\": {\"name\": \"module\", \"object\": \"course: 2, module: Tipe Data Numerik\"}}, {\"added\": {\"name\": \"module\", \"object\": \"course: 2, module: Pengenalan String\"}}, {\"added\": {\"name\": \"module\", \"object\": \"course: 2, module: Komentar\"}}]"
  }
},
{
  "model": "admin.logentry",
  "pk": 82,
  "fields": {
    "action_time": "2021-02-15T11:57:37.962Z",
    "user": [
      "jangan-dibalas@be-py.cyou"
    ],
    "content_type": [
      "course",
      "module"
    ],
    "object_id": "7",
    "object_repr": "course: 2, module: Pengenalan Python",
    "action_flag": 2,
    "change_message": "[{\"added\": {\"name\": \"module content\", \"object\": \"module: Pengenalan Python, content: 4, \"}}]"
  }
},
{
  "model": "admin.logentry",
  "pk": 83,
  "fields": {
    "action_time": "2021-02-15T12:01:03.742Z",
    "user": [
      "jangan-dibalas@be-py.cyou"
    ],
    "content_type": [
      "course",
      "course"
    ],
    "object_id": "2",
    "object_repr": "Dasar - Dasar Python",
    "action_flag": 2,
    "change_message": "[{\"changed\": {\"fields\": [\"Description\"]}}]"
  }
},
{
  "model": "admin.logentry",
  "pk": 84,
  "fields": {
    "action_time": "2021-02-15T12:01:41.698Z",
    "user": [
      "jangan-dibalas@be-py.cyou"
    ],
    "content_type": [
      "course",
      "course"
    ],
    "object_id": "2",
    "object_repr": "Dasar - Dasar Python",
    "action_flag": 2,
    "change_message": "[{\"changed\": {\"fields\": [\"Description\"]}}]"
  }
},
{
  "model": "admin.logentry",
  "pk": 85,
  "fields": {
    "action_time": "2021-02-15T12:19:04.042Z",
    "user": [
      "jangan-dibalas@be-py.cyou"
    ],
    "content_type": [
      "portfolio",
      "project"
    ],
    "object_id": "6",
    "object_repr": "Search Engine dalam E-commerce dengan Elasticsearch",
    "action_flag": 2,
    "change_message": "[{\"changed\": {\"fields\": [\"Cover image\"]}}]"
  }
},
{
  "model": "admin.logentry",
  "pk": 86,
  "fields": {
    "action_time": "2021-02-15T12:24:16.431Z",
    "user": [
      "jangan-dibalas@be-py.cyou"
    ],
    "content_type": [
      "static_page",
      "contactmessage"
    ],
    "object_id": "2",
    "object_repr": "ContactMessage object (2)",
    "action_flag": 2,
    "change_message": "[{\"changed\": {\"fields\": [\"Phone\"]}}]"
  }
},
{
  "model": "admin.logentry",
  "pk": 87,
  "fields": {
    "action_time": "2021-02-15T12:42:10.610Z",
    "user": [
      "jangan-dibalas@be-py.cyou"
    ],
    "content_type": [
      "portfolio",
      "project"
    ],
    "object_id": "1",
    "object_repr": "Log Parser Web App dengan Framework Flask",
    "action_flag": 2,
    "change_message": "[{\"changed\": {\"fields\": [\"Owner\"]}}]"
  }
},
{
  "model": "admin.logentry",
  "pk": 88,
  "fields": {
    "action_time": "2021-02-15T12:42:10.808Z",
    "user": [
      "jangan-dibalas@be-py.cyou"
    ],
    "content_type": [
      "portfolio",
      "project"
    ],
    "object_id": "1",
    "object_repr": "Log Parser Web App dengan Framework Flask",
    "action_flag": 2,
    "change_message": "[{\"changed\": {\"fields\": [\"Owner\"]}}]"
  }
},
{
  "model": "admin.logentry",
  "pk": 89,
  "fields": {
    "action_time": "2021-02-15T12:42:20.007Z",
    "user": [
      "jangan-dibalas@be-py.cyou"
    ],
    "content_type": [
      "portfolio",
      "project"
    ],
    "object_id": "2",
    "object_repr": "Automated Black Box Testing Menggunakan Selenium Python",
    "action_flag": 2,
    "change_message": "[{\"changed\": {\"fields\": [\"Owner\"]}}]"
  }
},
{
  "model": "admin.logentry",
  "pk": 90,
  "fields": {
    "action_time": "2021-02-15T12:42:36.158Z",
    "user": [
      "jangan-dibalas@be-py.cyou"
    ],
    "content_type": [
      "portfolio",
      "project"
    ],
    "object_id": "3",
    "object_repr": "Pembelajaran  Pemrograman Python Menggunakan Framework Django",
    "action_flag": 2,
    "change_message": "[{\"changed\": {\"fields\": [\"Owner\"]}}]"
  }
},
{
  "model": "admin.logentry",
  "pk": 91,
  "fields": {
    "action_time": "2021-02-15T12:43:00.411Z",
    "user": [
      "jangan-dibalas@be-py.cyou"
    ],
    "content_type": [
      "portfolio",
      "project"
    ],
    "object_id": "4",
    "object_repr": "Website Alliance Violin Community  dengan Framework Django",
    "action_flag": 2,
    "change_message": "[{\"changed\": {\"fields\": [\"Owner\"]}}]"
  }
},
{
  "model": "admin.logentry",
  "pk": 92,
  "fields": {
    "action_time": "2021-02-15T12:43:09.580Z",
    "user": [
      "jangan-dibalas@be-py.cyou"
    ],
    "content_type": [
      "portfolio",
      "project"
    ],
    "object_id": "5",
    "object_repr": "Dango - Simple Image Editor dengan Wandd Library",
    "action_flag": 2,
    "change_message": "[{\"changed\": {\"fields\": [\"Owner\"]}}]"
  }
},
{
  "model": "admin.logentry",
  "pk": 93,
  "fields": {
    "action_time": "2021-02-15T12:43:22.195Z",
    "user": [
      "jangan-dibalas@be-py.cyou"
    ],
    "content_type": [
      "portfolio",
      "project"
    ],
    "object_id": "6",
    "object_repr": "Search Engine dalam E-commerce dengan Elasticsearch",
    "action_flag": 2,
    "change_message": "[{\"changed\": {\"fields\": [\"Owner\"]}}]"
  }
},
{
  "model": "admin.logentry",
  "pk": 94,
  "fields": {
    "action_time": "2021-02-15T13:05:41.405Z",
    "user": [
      "jangan-dibalas@be-py.cyou"
    ],
    "content_type": [
      "course",
      "course"
    ],
    "object_id": "2",
    "object_repr": "Dasar - Dasar Pemrograman Python",
    "action_flag": 2,
    "change_message": "[{\"changed\": {\"fields\": [\"Course name\"]}}]"
  }
},
{
  "model": "admin.logentry",
  "pk": 95,
  "fields": {
    "action_time": "2021-02-15T14:25:05.645Z",
    "user": [
      "jangan-dibalas@be-py.cyou"
    ],
    "content_type": [
      "testimonial",
      "memberstory"
    ],
    "object_id": "6",
    "object_repr": "sukmadyu@gmail.com's story",
    "action_flag": 2,
    "change_message": "[{\"changed\": {\"fields\": [\"Story\"]}}]"
  }
},
{
  "model": "admin.logentry",
  "pk": 96,
  "fields": {
    "action_time": "2021-02-16T10:12:48.788Z",
    "user": [
      "jangan-dibalas@be-py.cyou"
    ],
    "content_type": [
      "testimonial",
      "memberstory"
    ],
    "object_id": "8",
    "object_repr": "firdamaryanaa@gmail.com's story",
    "action_flag": 1,
    "change_message": "[{\"added\": {}}]"
  }
},
{
  "model": "admin.logentry",
  "pk": 97,
  "fields": {
    "action_time": "2021-02-16T12:17:18.164Z",
    "user": [
      "jangan-dibalas@be-py.cyou"
    ],
    "content_type": [
      "testimonial",
      "memberstory"
    ],
    "object_id": "8",
    "object_repr": "firdamaryanaa@gmail.com's story",
    "action_flag": 2,
    "change_message": "[{\"changed\": {\"fields\": [\"Show\"]}}]"
  }
},
{
  "model": "admin.logentry",
  "pk": 98,
  "fields": {
    "action_time": "2021-02-16T12:23:28.404Z",
    "user": [
      "jangan-dibalas@be-py.cyou"
    ],
    "content_type": [
      "testimonial",
      "memberstory"
    ],
    "object_id": "1",
    "object_repr": "alviandk@gmail.com's story",
    "action_flag": 2,
    "change_message": "[{\"changed\": {\"fields\": [\"Order\"]}}]"
  }
},
{
  "model": "admin.logentry",
  "pk": 99,
  "fields": {
    "action_time": "2021-02-16T12:23:56.019Z",
    "user": [
      "jangan-dibalas@be-py.cyou"
    ],
    "content_type": [
      "testimonial",
      "memberstory"
    ],
    "object_id": "5",
    "object_repr": "nrita107@gmail.com's story",
    "action_flag": 2,
    "change_message": "[{\"changed\": {\"fields\": [\"Order\"]}}]"
  }
},
{
  "model": "admin.logentry",
  "pk": 100,
  "fields": {
    "action_time": "2021-02-16T12:24:23.092Z",
    "user": [
      "jangan-dibalas@be-py.cyou"
    ],
    "content_type": [
      "testimonial",
      "memberstory"
    ],
    "object_id": "6",
    "object_repr": "sukmadyu@gmail.com's story",
    "action_flag": 2,
    "change_message": "[{\"changed\": {\"fields\": [\"Order\"]}}]"
  }
},
{
  "model": "admin.logentry",
  "pk": 101,
  "fields": {
    "action_time": "2021-02-16T14:48:13.467Z",
    "user": [
      "jangan-dibalas@be-py.cyou"
    ],
    "content_type": [
      "course",
      "module"
    ],
    "object_id": "1",
    "object_repr": "course: 1, module: Membuat Akun Alibaba Cloud",
    "action_flag": 2,
    "change_message": "[{\"changed\": {\"fields\": [\"Slug\"]}}]"
  }
},
{
  "model": "admin.logentry",
  "pk": 102,
  "fields": {
    "action_time": "2021-02-16T14:48:20.338Z",
    "user": [
      "jangan-dibalas@be-py.cyou"
    ],
    "content_type": [
      "course",
      "module"
    ],
    "object_id": "2",
    "object_repr": "course: 1, module: Memilih Produk ECS",
    "action_flag": 2,
    "change_message": "[{\"changed\": {\"fields\": [\"Slug\"]}}]"
  }
},
{
  "model": "admin.logentry",
  "pk": 103,
  "fields": {
    "action_time": "2021-02-16T14:48:26.451Z",
    "user": [
      "jangan-dibalas@be-py.cyou"
    ],
    "content_type": [
      "course",
      "module"
    ],
    "object_id": "3",
    "object_repr": "course: 1, module: Install Requirement",
    "action_flag": 2,
    "change_message": "[{\"changed\": {\"fields\": [\"Slug\"]}}]"
  }
},
{
  "model": "admin.logentry",
  "pk": 104,
  "fields": {
    "action_time": "2021-02-16T14:48:33.460Z",
    "user": [
      "jangan-dibalas@be-py.cyou"
    ],
    "content_type": [
      "course",
      "module"
    ],
    "object_id": "4",
    "object_repr": "course: 1, module: Setup Nginx",
    "action_flag": 2,
    "change_message": "[{\"changed\": {\"fields\": [\"Slug\"]}}]"
  }
},
{
  "model": "admin.logentry",
  "pk": 105,
  "fields": {
    "action_time": "2021-02-16T14:48:39.666Z",
    "user": [
      "jangan-dibalas@be-py.cyou"
    ],
    "content_type": [
      "course",
      "module"
    ],
    "object_id": "5",
    "object_repr": "course: 1, module: Setup Domain Website",
    "action_flag": 2,
    "change_message": "[{\"changed\": {\"fields\": [\"Slug\"]}}]"
  }
},
{
  "model": "admin.logentry",
  "pk": 106,
  "fields": {
    "action_time": "2021-02-16T14:48:45.724Z",
    "user": [
      "jangan-dibalas@be-py.cyou"
    ],
    "content_type": [
      "course",
      "module"
    ],
    "object_id": "6",
    "object_repr": "course: 1, module: Setup Https",
    "action_flag": 2,
    "change_message": "[{\"changed\": {\"fields\": [\"Slug\"]}}]"
  }
},
{
  "model": "admin.logentry",
  "pk": 107,
  "fields": {
    "action_time": "2021-02-16T14:48:51.965Z",
    "user": [
      "jangan-dibalas@be-py.cyou"
    ],
    "content_type": [
      "course",
      "module"
    ],
    "object_id": "7",
    "object_repr": "course: 2, module: Pengenalan Python",
    "action_flag": 2,
    "change_message": "[{\"changed\": {\"fields\": [\"Slug\"]}}]"
  }
},
{
  "model": "admin.logentry",
  "pk": 108,
  "fields": {
    "action_time": "2021-02-16T14:48:58.230Z",
    "user": [
      "jangan-dibalas@be-py.cyou"
    ],
    "content_type": [
      "course",
      "module"
    ],
    "object_id": "8",
    "object_repr": "course: 2, module: Operator",
    "action_flag": 2,
    "change_message": "[{\"changed\": {\"fields\": [\"Slug\"]}}]"
  }
},
{
  "model": "admin.logentry",
  "pk": 109,
  "fields": {
    "action_time": "2021-02-16T14:49:04.650Z",
    "user": [
      "jangan-dibalas@be-py.cyou"
    ],
    "content_type": [
      "course",
      "module"
    ],
    "object_id": "9",
    "object_repr": "course: 2, module: Tipe Data Numerik",
    "action_flag": 2,
    "change_message": "[{\"changed\": {\"fields\": [\"Slug\"]}}]"
  }
},
{
  "model": "admin.logentry",
  "pk": 110,
  "fields": {
    "action_time": "2021-02-16T14:49:10.291Z",
    "user": [
      "jangan-dibalas@be-py.cyou"
    ],
    "content_type": [
      "course",
      "module"
    ],
    "object_id": "10",
    "object_repr": "course: 2, module: Pengenalan String",
    "action_flag": 2,
    "change_message": "[{\"changed\": {\"fields\": [\"Slug\"]}}]"
  }
},
{
  "model": "admin.logentry",
  "pk": 111,
  "fields": {
    "action_time": "2021-02-16T14:49:15.626Z",
    "user": [
      "jangan-dibalas@be-py.cyou"
    ],
    "content_type": [
      "course",
      "module"
    ],
    "object_id": "11",
    "object_repr": "course: 2, module: Komentar",
    "action_flag": 2,
    "change_message": "[{\"changed\": {\"fields\": [\"Slug\"]}}]"
  }
},
{
  "model": "admin.logentry",
  "pk": 112,
  "fields": {
    "action_time": "2021-02-16T14:51:25.326Z",
    "user": [
      "jangan-dibalas@be-py.cyou"
    ],
    "content_type": [
      "course",
      "course"
    ],
    "object_id": "2",
    "object_repr": "Dasar - Dasar Pemrograman Python",
    "action_flag": 2,
    "change_message": "[{\"added\": {\"name\": \"syllabus\", \"object\": \"syllabus: Dasar - Dasar Pemrograman Python\"}}]"
  }
},
{
  "model": "admin.logentry",
  "pk": 113,
  "fields": {
    "action_time": "2021-02-16T15:43:13.388Z",
    "user": [
      "jangan-dibalas@be-py.cyou"
    ],
    "content_type": [
      "course",
      "module"
    ],
    "object_id": "7",
    "object_repr": "course: 2, module: Pengenalan Python",
    "action_flag": 2,
    "change_message": "[{\"added\": {\"name\": \"module content\", \"object\": \"module: Pengenalan Python, content: 5, \"}}, {\"added\": {\"name\": \"module content\", \"object\": \"module: Pengenalan Python, content: 6, \"}}, {\"changed\": {\"name\": \"module content\", \"object\": \"module: Pengenalan Python, content: 4, \", \"fields\": [\"Text\"]}}]"
  }
},
{
  "model": "admin.logentry",
  "pk": 114,
  "fields": {
    "action_time": "2021-02-16T15:44:07.068Z",
    "user": [
      "jangan-dibalas@be-py.cyou"
    ],
    "content_type": [
      "course",
      "module"
    ],
    "object_id": "8",
    "object_repr": "course: 2, module: Operator",
    "action_flag": 2,
    "change_message": "[{\"added\": {\"name\": \"module content\", \"object\": \"module: Operator, content: 7, \"}}, {\"added\": {\"name\": \"module content\", \"object\": \"module: Operator, content: 8, \"}}, {\"added\": {\"name\": \"module content\", \"object\": \"module: Operator, content: 9, \"}}, {\"added\": {\"name\": \"module content\", \"object\": \"module: Operator, content: 10, \"}}]"
  }
},
{
  "model": "admin.logentry",
  "pk": 115,
  "fields": {
    "action_time": "2021-02-16T15:44:37.534Z",
    "user": [
      "jangan-dibalas@be-py.cyou"
    ],
    "content_type": [
      "course",
      "module"
    ],
    "object_id": "9",
    "object_repr": "course: 2, module: Tipe Data Numerik",
    "action_flag": 2,
    "change_message": "[{\"added\": {\"name\": \"module content\", \"object\": \"module: Tipe Data Numerik, content: 11, \"}}, {\"added\": {\"name\": \"module content\", \"object\": \"module: Tipe Data Numerik, content: 12, \"}}]"
  }
},
{
  "model": "admin.logentry",
  "pk": 116,
  "fields": {
    "action_time": "2021-02-16T15:47:14.403Z",
    "user": [
      "jangan-dibalas@be-py.cyou"
    ],
    "content_type": [
      "course",
      "module"
    ],
    "object_id": "10",
    "object_repr": "course: 2, module: Pengenalan String",
    "action_flag": 2,
    "change_message": "[{\"added\": {\"name\": \"module content\", \"object\": \"module: Pengenalan String, content: 13, \"}}, {\"added\": {\"name\": \"module content\", \"object\": \"module: Pengenalan String, content: 14, \"}}, {\"added\": {\"name\": \"module content\", \"object\": \"module: Pengenalan String, content: 15, \"}}, {\"added\": {\"name\": \"module content\", \"object\": \"module: Pengenalan String, content: 16, \"}}]"
  }
},
{
  "model": "admin.logentry",
  "pk": 117,
  "fields": {
    "action_time": "2021-02-16T15:50:20.018Z",
    "user": [
      "jangan-dibalas@be-py.cyou"
    ],
    "content_type": [
      "course",
      "module"
    ],
    "object_id": "11",
    "object_repr": "course: 2, module: Manipulasi String",
    "action_flag": 2,
    "change_message": "[{\"changed\": {\"fields\": [\"Module name\", \"Slug\"]}}, {\"added\": {\"name\": \"module content\", \"object\": \"module: Manipulasi String, content: 17, \"}}, {\"added\": {\"name\": \"module content\", \"object\": \"module: Manipulasi String, content: 18, \"}}, {\"added\": {\"name\": \"module content\", \"object\": \"module: Manipulasi String, content: 19, \"}}, {\"added\": {\"name\": \"module content\", \"object\": \"module: Manipulasi String, content: 20, \"}}, {\"added\": {\"name\": \"module content\", \"object\": \"module: Manipulasi String, content: 21, \"}}]"
  }
},
{
  "model": "admin.logentry",
  "pk": 118,
  "fields": {
    "action_time": "2021-02-16T15:50:53.944Z",
    "user": [
      "jangan-dibalas@be-py.cyou"
    ],
    "content_type": [
      "course",
      "module"
    ],
    "object_id": "12",
    "object_repr": "course: 2, module: Komentar",
    "action_flag": 1,
    "change_message": "[{\"added\": {}}, {\"added\": {\"name\": \"module content\", \"object\": \"module: Komentar, content: 22, \"}}, {\"added\": {\"name\": \"module content\", \"object\": \"module: Komentar, content: 23, \"}}]"
  }
},
{
  "model": "admin.logentry",
  "pk": 119,
  "fields": {
    "action_time": "2021-02-16T16:08:02.569Z",
    "user": [
      "jangan-dibalas@be-py.cyou"
    ],
    "content_type": [
      "course",
      "module"
    ],
    "object_id": "11",
    "object_repr": "course: 2, module: Manipulasi String",
    "action_flag": 2,
    "change_message": "[{\"changed\": {\"name\": \"module content\", \"object\": \"module: Manipulasi String, content: 17, \", \"fields\": [\"Text\"]}}]"
  }
},
{
  "model": "admin.logentry",
  "pk": 120,
  "fields": {
    "action_time": "2021-02-16T16:13:47.071Z",
    "user": [
      "jangan-dibalas@be-py.cyou"
    ],
    "content_type": [
      "course",
      "module"
    ],
    "object_id": "11",
    "object_repr": "course: 2, module: Manipulasi String",
    "action_flag": 2,
    "change_message": "[{\"changed\": {\"name\": \"module content\", \"object\": \"module: Manipulasi String, content: 17, \", \"fields\": [\"Text\"]}}]"
  }
},
{
  "model": "admin.logentry",
  "pk": 121,
  "fields": {
    "action_time": "2021-02-16T16:16:22.813Z",
    "user": [
      "jangan-dibalas@be-py.cyou"
    ],
    "content_type": [
      "course",
      "module"
    ],
    "object_id": "11",
    "object_repr": "course: 2, module: Manipulasi String",
    "action_flag": 2,
    "change_message": "[{\"changed\": {\"name\": \"module content\", \"object\": \"module: Manipulasi String, content: 17, \", \"fields\": [\"Text\"]}}, {\"changed\": {\"name\": \"module content\", \"object\": \"module: Manipulasi String, content: 18, \", \"fields\": [\"Text\"]}}]"
  }
},
{
  "model": "admin.logentry",
  "pk": 122,
  "fields": {
    "action_time": "2021-02-16T16:18:53.434Z",
    "user": [
      "jangan-dibalas@be-py.cyou"
    ],
    "content_type": [
      "course",
      "module"
    ],
    "object_id": "7",
    "object_repr": "course: 2, module: Pengenalan Python",
    "action_flag": 2,
    "change_message": "[{\"changed\": {\"name\": \"module content\", \"object\": \"module: Pengenalan Python, content: 4, \", \"fields\": [\"Text\"]}}]"
  }
},
{
  "model": "admin.logentry",
  "pk": 123,
  "fields": {
    "action_time": "2021-02-16T16:19:51.990Z",
    "user": [
      "jangan-dibalas@be-py.cyou"
    ],
    "content_type": [
      "course",
      "module"
    ],
    "object_id": "7",
    "object_repr": "course: 2, module: Pengenalan Python",
    "action_flag": 2,
    "change_message": "[{\"changed\": {\"name\": \"module content\", \"object\": \"module: Pengenalan Python, content: 5, \", \"fields\": [\"Text\"]}}, {\"changed\": {\"name\": \"module content\", \"object\": \"module: Pengenalan Python, content: 6, \", \"fields\": [\"Text\"]}}]"
  }
},
{
  "model": "admin.logentry",
  "pk": 124,
  "fields": {
    "action_time": "2021-02-16T16:21:25.363Z",
    "user": [
      "jangan-dibalas@be-py.cyou"
    ],
    "content_type": [
      "course",
      "module"
    ],
    "object_id": "8",
    "object_repr": "course: 2, module: Operator",
    "action_flag": 2,
    "change_message": "[{\"changed\": {\"name\": \"module content\", \"object\": \"module: Operator, content: 7, \", \"fields\": [\"Text\"]}}]"
  }
},
{
  "model": "admin.logentry",
  "pk": 125,
  "fields": {
    "action_time": "2021-02-16T16:21:49.080Z",
    "user": [
      "jangan-dibalas@be-py.cyou"
    ],
    "content_type": [
      "course",
      "module"
    ],
    "object_id": "9",
    "object_repr": "course: 2, module: Tipe Data Numerik",
    "action_flag": 2,
    "change_message": "[{\"changed\": {\"name\": \"module content\", \"object\": \"module: Tipe Data Numerik, content: 11, \", \"fields\": [\"Text\"]}}]"
  }
},
{
  "model": "admin.logentry",
  "pk": 126,
  "fields": {
    "action_time": "2021-02-16T16:23:00.594Z",
    "user": [
      "jangan-dibalas@be-py.cyou"
    ],
    "content_type": [
      "course",
      "module"
    ],
    "object_id": "10",
    "object_repr": "course: 2, module: Pengenalan String",
    "action_flag": 2,
    "change_message": "[{\"changed\": {\"name\": \"module content\", \"object\": \"module: Pengenalan String, content: 13, \", \"fields\": [\"Text\"]}}, {\"changed\": {\"name\": \"module content\", \"object\": \"module: Pengenalan String, content: 14, \", \"fields\": [\"Text\"]}}, {\"changed\": {\"name\": \"module content\", \"object\": \"module: Pengenalan String, content: 15, \", \"fields\": [\"Text\"]}}, {\"changed\": {\"name\": \"module content\", \"object\": \"module: Pengenalan String, content: 16, \", \"fields\": [\"Text\"]}}]"
  }
},
{
  "model": "admin.logentry",
  "pk": 127,
  "fields": {
    "action_time": "2021-02-16T16:23:41.171Z",
    "user": [
      "jangan-dibalas@be-py.cyou"
    ],
    "content_type": [
      "course",
      "module"
    ],
    "object_id": "10",
    "object_repr": "course: 2, module: Pengenalan String",
    "action_flag": 2,
    "change_message": "[{\"changed\": {\"name\": \"module content\", \"object\": \"module: Pengenalan String, content: 13, \", \"fields\": [\"Text\"]}}]"
  }
},
{
  "model": "admin.logentry",
  "pk": 128,
  "fields": {
    "action_time": "2021-02-16T16:25:09.081Z",
    "user": [
      "jangan-dibalas@be-py.cyou"
    ],
    "content_type": [
      "course",
      "module"
    ],
    "object_id": "11",
    "object_repr": "course: 2, module: Manipulasi String",
    "action_flag": 2,
    "change_message": "[{\"changed\": {\"name\": \"module content\", \"object\": \"module: Manipulasi String, content: 17, \", \"fields\": [\"Text\"]}}, {\"changed\": {\"name\": \"module content\", \"object\": \"module: Manipulasi String, content: 18, \", \"fields\": [\"Text\"]}}, {\"changed\": {\"name\": \"module content\", \"object\": \"module: Manipulasi String, content: 19, \", \"fields\": [\"Text\"]}}, {\"changed\": {\"name\": \"module content\", \"object\": \"module: Manipulasi String, content: 20, \", \"fields\": [\"Text\"]}}, {\"changed\": {\"name\": \"module content\", \"object\": \"module: Manipulasi String, content: 21, \", \"fields\": [\"Text\"]}}]"
  }
},
{
  "model": "admin.logentry",
  "pk": 129,
  "fields": {
    "action_time": "2021-02-16T16:25:55.074Z",
    "user": [
      "jangan-dibalas@be-py.cyou"
    ],
    "content_type": [
      "course",
      "module"
    ],
    "object_id": "12",
    "object_repr": "course: 2, module: Komentar",
    "action_flag": 2,
    "change_message": "[{\"changed\": {\"name\": \"module content\", \"object\": \"module: Komentar, content: 22, \", \"fields\": [\"Text\"]}}, {\"changed\": {\"name\": \"module content\", \"object\": \"module: Komentar, content: 23, \", \"fields\": [\"Text\"]}}]"
  }
},
{
  "model": "admin.logentry",
  "pk": 130,
  "fields": {
    "action_time": "2021-02-16T16:30:24.466Z",
    "user": [
      "jangan-dibalas@be-py.cyou"
    ],
    "content_type": [
      "course",
      "course"
    ],
    "object_id": "1",
    "object_repr": "Deploy Aplikasi Django ke Alibaba Cloud ECS",
    "action_flag": 2,
    "change_message": "[{\"changed\": {\"fields\": [\"Show\"]}}]"
  }
},
{
  "model": "admin.logentry",
  "pk": 131,
  "fields": {
    "action_time": "2021-02-17T04:17:12.682Z",
    "user": [
      "jangan-dibalas@be-py.cyou"
    ],
    "content_type": [
      "course",
      "module"
    ],
    "object_id": "8",
    "object_repr": "course: 2, module: Operator",
    "action_flag": 2,
    "change_message": "[{\"changed\": {\"name\": \"module content\", \"object\": \"module: Operator, content: 8, \", \"fields\": [\"Text\"]}}]"
  }
},
{
  "model": "admin.logentry",
  "pk": 132,
  "fields": {
    "action_time": "2021-02-17T04:20:39.522Z",
    "user": [
      "jangan-dibalas@be-py.cyou"
    ],
    "content_type": [
      "course",
      "module"
    ],
    "object_id": "8",
    "object_repr": "course: 2, module: Operator",
    "action_flag": 2,
    "change_message": "[{\"changed\": {\"name\": \"module content\", \"object\": \"module: Operator, content: 8, \", \"fields\": [\"Text\"]}}, {\"changed\": {\"name\": \"module content\", \"object\": \"module: Operator, content: 9, \", \"fields\": [\"Text\"]}}, {\"changed\": {\"name\": \"module content\", \"object\": \"module: Operator, content: 10, \", \"fields\": [\"Text\"]}}]"
  }
},
{
  "model": "admin.logentry",
  "pk": 133,
  "fields": {
    "action_time": "2021-02-18T08:04:57.052Z",
    "user": [
      "jangan-dibalas@be-py.cyou"
    ],
    "content_type": [
      "user",
      "dpluser"
    ],
    "object_id": "6",
    "object_repr": "dimansional@gmail.com",
    "action_flag": 2,
    "change_message": "[{\"changed\": {\"name\": \"user profile\", \"object\": \"dimansional@gmail.com's profile\", \"fields\": [\"City domicile\"]}}]"
  }
},
{
  "model": "admin.logentry",
  "pk": 134,
  "fields": {
    "action_time": "2021-02-18T08:07:18.215Z",
    "user": [
      "jangan-dibalas@be-py.cyou"
    ],
    "content_type": [
      "course",
      "course"
    ],
    "object_id": "1",
    "object_repr": "Deploy Aplikasi Django ke Alibaba Cloud ECS",
    "action_flag": 2,
    "change_message": "[{\"changed\": {\"fields\": [\"Show\"]}}]"
  }
},
{
  "model": "admin.logentry",
  "pk": 135,
  "fields": {
    "action_time": "2021-02-18T15:37:04.813Z",
    "user": [
      "jangan-dibalas@be-py.cyou"
    ],
    "content_type": [
      "course",
      "legallogo"
    ],
    "object_id": "1",
    "object_repr": "ungu gundar",
    "action_flag": 1,
    "change_message": "[{\"added\": {}}]"
  }
},
{
  "model": "admin.logentry",
  "pk": 136,
  "fields": {
    "action_time": "2021-02-18T15:37:30.784Z",
    "user": [
      "jangan-dibalas@be-py.cyou"
    ],
    "content_type": [
      "course",
      "legallogo"
    ],
    "object_id": "2",
    "object_repr": "orange shopee",
    "action_flag": 1,
    "change_message": "[{\"added\": {}}]"
  }
},
{
  "model": "admin.logentry",
  "pk": 137,
  "fields": {
    "action_time": "2021-02-18T15:37:48.622Z",
    "user": [
      "jangan-dibalas@be-py.cyou"
    ],
    "content_type": [
      "course",
      "legallogo"
    ],
    "object_id": "3",
    "object_repr": "biru mekar",
    "action_flag": 1,
    "change_message": "[{\"added\": {}}]"
  }
},
{
  "model": "admin.logentry",
  "pk": 138,
  "fields": {
    "action_time": "2021-02-18T15:38:47.454Z",
    "user": [
      "jangan-dibalas@be-py.cyou"
    ],
    "content_type": [
      "course",
      "school"
    ],
    "object_id": "1",
    "object_repr": "School object (1)",
    "action_flag": 1,
    "change_message": "[{\"added\": {}}]"
  }
},
{
  "model": "admin.logentry",
  "pk": 139,
  "fields": {
    "action_time": "2021-02-18T15:39:31.402Z",
    "user": [
      "jangan-dibalas@be-py.cyou"
    ],
    "content_type": [
      "course",
      "company"
    ],
    "object_id": "1",
    "object_repr": "Shopee",
    "action_flag": 1,
    "change_message": "[{\"added\": {}}]"
  }
},
{
  "model": "admin.logentry",
  "pk": 140,
  "fields": {
    "action_time": "2021-02-18T15:39:49.427Z",
    "user": [
      "jangan-dibalas@be-py.cyou"
    ],
    "content_type": [
      "course",
      "company"
    ],
    "object_id": "2",
    "object_repr": "Mekar Investama Sampoerna",
    "action_flag": 1,
    "change_message": "[{\"added\": {}}]"
  }
},
{
  "model": "admin.logentry",
  "pk": 141,
  "fields": {
    "action_time": "2021-02-18T15:40:38.888Z",
    "user": [
      "jangan-dibalas@be-py.cyou"
    ],
    "content_type": [
      "course",
      "education"
    ],
    "object_id": "1",
    "object_repr": "Education object (1)",
    "action_flag": 1,
    "change_message": "[{\"added\": {}}]"
  }
},
{
  "model": "admin.logentry",
  "pk": 142,
  "fields": {
    "action_time": "2021-02-18T15:41:05.168Z",
    "user": [
      "jangan-dibalas@be-py.cyou"
    ],
    "content_type": [
      "course",
      "education"
    ],
    "object_id": "2",
    "object_repr": "Education object (2)",
    "action_flag": 1,
    "change_message": "[{\"added\": {}}]"
  }
},
{
  "model": "admin.logentry",
  "pk": 143,
  "fields": {
    "action_time": "2021-02-18T15:41:54.450Z",
    "user": [
      "jangan-dibalas@be-py.cyou"
    ],
    "content_type": [
      "course",
      "experience"
    ],
    "object_id": "1",
    "object_repr": "Software Quality Assurance - Shopee",
    "action_flag": 1,
    "change_message": "[{\"added\": {}}]"
  }
},
{
  "model": "admin.logentry",
  "pk": 144,
  "fields": {
    "action_time": "2021-02-18T15:42:18.657Z",
    "user": [
      "jangan-dibalas@be-py.cyou"
    ],
    "content_type": [
      "course",
      "experience"
    ],
    "object_id": "2",
    "object_repr": "QA Engineer - Mekar Investama Sampoerna",
    "action_flag": 1,
    "change_message": "[{\"added\": {}}]"
  }
},
{
  "model": "admin.logentry",
  "pk": 145,
  "fields": {
    "action_time": "2021-02-18T15:42:36.264Z",
    "user": [
      "jangan-dibalas@be-py.cyou"
    ],
    "content_type": [
      "course",
      "mentor"
    ],
    "object_id": "1",
    "object_repr": "Nurul Rita as mentor",
    "action_flag": 1,
    "change_message": "[{\"added\": {}}]"
  }
},
{
  "model": "admin.logentry",
  "pk": 146,
  "fields": {
    "action_time": "2021-02-19T13:20:44.525Z",
    "user": [
      "jangan-dibalas@be-py.cyou"
    ],
    "content_type": [
      "course",
      "legallogo"
    ],
    "object_id": "4",
    "object_repr": "redkendi",
    "action_flag": 1,
    "change_message": "[{\"added\": {}}]"
  }
},
{
  "model": "admin.logentry",
  "pk": 147,
  "fields": {
    "action_time": "2021-02-19T13:21:23.330Z",
    "user": [
      "jangan-dibalas@be-py.cyou"
    ],
    "content_type": [
      "course",
      "company"
    ],
    "object_id": "3",
    "object_repr": "Redkendi",
    "action_flag": 1,
    "change_message": "[{\"added\": {}}]"
  }
},
{
  "model": "admin.logentry",
  "pk": 148,
  "fields": {
    "action_time": "2021-02-19T13:21:55.963Z",
    "user": [
      "jangan-dibalas@be-py.cyou"
    ],
    "content_type": [
      "course",
      "experience"
    ],
    "object_id": "3",
    "object_repr": "Software Quality Assurance - Redkendi",
    "action_flag": 1,
    "change_message": "[{\"added\": {}}]"
  }
},
{
  "model": "admin.logentry",
  "pk": 149,
  "fields": {
    "action_time": "2021-02-19T13:22:10.736Z",
    "user": [
      "jangan-dibalas@be-py.cyou"
    ],
    "content_type": [
      "course",
      "mentor"
    ],
    "object_id": "1",
    "object_repr": "Nurul Rita as mentor",
    "action_flag": 2,
    "change_message": "[{\"changed\": {\"fields\": [\"Experience\"]}}]"
  }
},
{
  "model": "admin.logentry",
  "pk": 150,
  "fields": {
    "action_time": "2021-02-19T13:22:43.813Z",
    "user": [
      "jangan-dibalas@be-py.cyou"
    ],
    "content_type": [
      "course",
      "legallogo"
    ],
    "object_id": "4",
    "object_repr": "redkendi",
    "action_flag": 2,
    "change_message": "[{\"changed\": {\"fields\": [\"Padding top\"]}}]"
  }
},
{
  "model": "admin.logentry",
  "pk": 151,
  "fields": {
    "action_time": "2021-02-19T13:25:27.932Z",
    "user": [
      "jangan-dibalas@be-py.cyou"
    ],
    "content_type": [
      "course",
      "legallogo"
    ],
    "object_id": "5",
    "object_repr": "biru fundtastic",
    "action_flag": 1,
    "change_message": "[{\"added\": {}}]"
  }
},
{
  "model": "admin.logentry",
  "pk": 152,
  "fields": {
    "action_time": "2021-02-19T13:26:20.318Z",
    "user": [
      "jangan-dibalas@be-py.cyou"
    ],
    "content_type": [
      "course",
      "company"
    ],
    "object_id": "4",
    "object_repr": "Fundtastic",
    "action_flag": 1,
    "change_message": "[{\"added\": {}}]"
  }
},
{
  "model": "admin.logentry",
  "pk": 153,
  "fields": {
    "action_time": "2021-02-19T13:27:08.358Z",
    "user": [
      "jangan-dibalas@be-py.cyou"
    ],
    "content_type": [
      "course",
      "experience"
    ],
    "object_id": "4",
    "object_repr": "Software QA Engineer - Fundtastic",
    "action_flag": 1,
    "change_message": "[{\"added\": {}}]"
  }
},
{
  "model": "admin.logentry",
  "pk": 154,
  "fields": {
    "action_time": "2021-02-19T13:27:27.151Z",
    "user": [
      "jangan-dibalas@be-py.cyou"
    ],
    "content_type": [
      "course",
      "mentor"
    ],
    "object_id": "1",
    "object_repr": "Nurul Rita as mentor",
    "action_flag": 2,
    "change_message": "[{\"changed\": {\"fields\": [\"Experience\"]}}]"
  }
},
{
  "model": "admin.logentry",
  "pk": 155,
  "fields": {
    "action_time": "2021-02-19T13:29:40.705Z",
    "user": [
      "jangan-dibalas@be-py.cyou"
    ],
    "content_type": [
      "course",
      "legallogo"
    ],
    "object_id": "6",
    "object_repr": "merah bukalapak",
    "action_flag": 1,
    "change_message": "[{\"added\": {}}]"
  }
},
{
  "model": "admin.logentry",
  "pk": 156,
  "fields": {
    "action_time": "2021-02-19T13:29:58.519Z",
    "user": [
      "jangan-dibalas@be-py.cyou"
    ],
    "content_type": [
      "course",
      "company"
    ],
    "object_id": "5",
    "object_repr": "Bukalapak",
    "action_flag": 1,
    "change_message": "[{\"added\": {}}]"
  }
},
{
  "model": "admin.logentry",
  "pk": 157,
  "fields": {
    "action_time": "2021-02-19T13:30:32.980Z",
    "user": [
      "jangan-dibalas@be-py.cyou"
    ],
    "content_type": [
      "course",
      "experience"
    ],
    "object_id": "5",
    "object_repr": "Test Engineer - Bukalapak",
    "action_flag": 1,
    "change_message": "[{\"added\": {}}]"
  }
},
{
  "model": "admin.logentry",
  "pk": 158,
  "fields": {
    "action_time": "2021-02-19T13:30:48.389Z",
    "user": [
      "jangan-dibalas@be-py.cyou"
    ],
    "content_type": [
      "course",
      "mentor"
    ],
    "object_id": "2",
    "object_repr": "Anindita Ayu Pratiwi as mentor",
    "action_flag": 1,
    "change_message": "[{\"added\": {}}]"
  }
},
{
  "model": "admin.logentry",
  "pk": 159,
  "fields": {
    "action_time": "2021-02-19T13:32:08.303Z",
    "user": [
      "jangan-dibalas@be-py.cyou"
    ],
    "content_type": [
      "course",
      "legallogo"
    ],
    "object_id": "7",
    "object_repr": "orange flip",
    "action_flag": 1,
    "change_message": "[{\"added\": {}}]"
  }
},
{
  "model": "admin.logentry",
  "pk": 160,
  "fields": {
    "action_time": "2021-02-19T13:32:31.632Z",
    "user": [
      "jangan-dibalas@be-py.cyou"
    ],
    "content_type": [
      "course",
      "company"
    ],
    "object_id": "6",
    "object_repr": "Flip",
    "action_flag": 1,
    "change_message": "[{\"added\": {}}]"
  }
},
{
  "model": "admin.logentry",
  "pk": 161,
  "fields": {
    "action_time": "2021-02-19T13:33:14.846Z",
    "user": [
      "jangan-dibalas@be-py.cyou"
    ],
    "content_type": [
      "course",
      "experience"
    ],
    "object_id": "6",
    "object_repr": "Lead Quality Assurance - Flip",
    "action_flag": 1,
    "change_message": "[{\"added\": {}}]"
  }
},
{
  "model": "admin.logentry",
  "pk": 162,
  "fields": {
    "action_time": "2021-02-19T13:33:46.992Z",
    "user": [
      "jangan-dibalas@be-py.cyou"
    ],
    "content_type": [
      "course",
      "mentor"
    ],
    "object_id": "2",
    "object_repr": "Anindita Ayu Pratiwi as mentor",
    "action_flag": 2,
    "change_message": "[{\"changed\": {\"fields\": [\"Experience\"]}}]"
  }
},
{
  "model": "admin.logentry",
  "pk": 163,
  "fields": {
    "action_time": "2021-02-19T13:34:42.365Z",
    "user": [
      "jangan-dibalas@be-py.cyou"
    ],
    "content_type": [
      "course",
      "legallogo"
    ],
    "object_id": "8",
    "object_repr": "biru kitabisa",
    "action_flag": 1,
    "change_message": "[{\"added\": {}}]"
  }
},
{
  "model": "admin.logentry",
  "pk": 164,
  "fields": {
    "action_time": "2021-02-19T13:35:09.515Z",
    "user": [
      "jangan-dibalas@be-py.cyou"
    ],
    "content_type": [
      "course",
      "legallogo"
    ],
    "object_id": "9",
    "object_repr": "ijo recharge",
    "action_flag": 1,
    "change_message": "[{\"added\": {}}]"
  }
},
{
  "model": "admin.logentry",
  "pk": 165,
  "fields": {
    "action_time": "2021-02-19T13:35:42.337Z",
    "user": [
      "jangan-dibalas@be-py.cyou"
    ],
    "content_type": [
      "course",
      "company"
    ],
    "object_id": "7",
    "object_repr": "Kitabisa",
    "action_flag": 1,
    "change_message": "[{\"added\": {}}]"
  }
},
{
  "model": "admin.logentry",
  "pk": 166,
  "fields": {
    "action_time": "2021-02-19T13:37:06.790Z",
    "user": [
      "jangan-dibalas@be-py.cyou"
    ],
    "content_type": [
      "course",
      "company"
    ],
    "object_id": "8",
    "object_repr": "Recharge",
    "action_flag": 1,
    "change_message": "[{\"added\": {}}]"
  }
},
{
  "model": "admin.logentry",
  "pk": 167,
  "fields": {
    "action_time": "2021-02-19T13:37:54.188Z",
    "user": [
      "jangan-dibalas@be-py.cyou"
    ],
    "content_type": [
      "course",
      "experience"
    ],
    "object_id": "7",
    "object_repr": "QA Engineer - Kitabisa",
    "action_flag": 1,
    "change_message": "[{\"added\": {}}]"
  }
},
{
  "model": "admin.logentry",
  "pk": 168,
  "fields": {
    "action_time": "2021-02-19T13:38:32.077Z",
    "user": [
      "jangan-dibalas@be-py.cyou"
    ],
    "content_type": [
      "course",
      "experience"
    ],
    "object_id": "8",
    "object_repr": "Quality Assurance - Recharge",
    "action_flag": 1,
    "change_message": "[{\"added\": {}}]"
  }
},
{
  "model": "admin.logentry",
  "pk": 169,
  "fields": {
    "action_time": "2021-02-19T13:38:40.616Z",
    "user": [
      "jangan-dibalas@be-py.cyou"
    ],
    "content_type": [
      "course",
      "mentor"
    ],
    "object_id": "2",
    "object_repr": "Anindita Ayu Pratiwi as mentor",
    "action_flag": 2,
    "change_message": "[{\"changed\": {\"fields\": [\"Experience\"]}}]"
  }
},
{
  "model": "admin.logentry",
  "pk": 170,
  "fields": {
    "action_time": "2021-02-19T13:40:49.131Z",
    "user": [
      "jangan-dibalas@be-py.cyou"
    ],
    "content_type": [
      "course",
      "mentor"
    ],
    "object_id": "3",
    "object_repr": "Alvian DK as mentor",
    "action_flag": 1,
    "change_message": "[{\"added\": {}}]"
  }
},
{
  "model": "admin.logentry",
  "pk": 171,
  "fields": {
    "action_time": "2021-02-19T13:41:44.082Z",
    "user": [
      "jangan-dibalas@be-py.cyou"
    ],
    "content_type": [
      "course",
      "experience"
    ],
    "object_id": "9",
    "object_repr": "Lead Software Engineer - Mekar Investama Sampoerna",
    "action_flag": 1,
    "change_message": "[{\"added\": {}}]"
  }
},
{
  "model": "admin.logentry",
  "pk": 172,
  "fields": {
    "action_time": "2021-02-19T13:42:17.174Z",
    "user": [
      "jangan-dibalas@be-py.cyou"
    ],
    "content_type": [
      "course",
      "experience"
    ],
    "object_id": "10",
    "object_repr": "Fullstack Developer - Mekar Investama Sampoerna",
    "action_flag": 1,
    "change_message": "[{\"added\": {}}]"
  }
},
{
  "model": "admin.logentry",
  "pk": 173,
  "fields": {
    "action_time": "2021-02-19T13:42:36.649Z",
    "user": [
      "jangan-dibalas@be-py.cyou"
    ],
    "content_type": [
      "course",
      "mentor"
    ],
    "object_id": "3",
    "object_repr": "Alvian DK as mentor",
    "action_flag": 2,
    "change_message": "[{\"changed\": {\"fields\": [\"Experience\"]}}]"
  }
},
{
  "model": "admin.logentry",
  "pk": 174,
  "fields": {
    "action_time": "2021-02-19T13:43:54.702Z",
    "user": [
      "jangan-dibalas@be-py.cyou"
    ],
    "content_type": [
      "course",
      "legallogo"
    ],
    "object_id": "10",
    "object_repr": "merah coassets",
    "action_flag": 1,
    "change_message": "[{\"added\": {}}]"
  }
},
{
  "model": "admin.logentry",
  "pk": 175,
  "fields": {
    "action_time": "2021-02-19T13:44:55.868Z",
    "user": [
      "jangan-dibalas@be-py.cyou"
    ],
    "content_type": [
      "course",
      "legallogo"
    ],
    "object_id": "11",
    "object_repr": "biru linikini",
    "action_flag": 1,
    "change_message": "[{\"added\": {}}]"
  }
},
{
  "model": "admin.logentry",
  "pk": 176,
  "fields": {
    "action_time": "2021-02-19T13:45:45.173Z",
    "user": [
      "jangan-dibalas@be-py.cyou"
    ],
    "content_type": [
      "course",
      "experience"
    ],
    "object_id": "11",
    "object_repr": "Remote Fullstack Developer - Mekar Investama Sampoerna",
    "action_flag": 1,
    "change_message": "[{\"added\": {}}]"
  }
},
{
  "model": "admin.logentry",
  "pk": 177,
  "fields": {
    "action_time": "2021-02-19T13:46:12.918Z",
    "user": [
      "jangan-dibalas@be-py.cyou"
    ],
    "content_type": [
      "course",
      "company"
    ],
    "object_id": "9",
    "object_repr": "Co Assets",
    "action_flag": 1,
    "change_message": "[{\"added\": {}}]"
  }
},
{
  "model": "admin.logentry",
  "pk": 178,
  "fields": {
    "action_time": "2021-02-19T13:46:44.482Z",
    "user": [
      "jangan-dibalas@be-py.cyou"
    ],
    "content_type": [
      "course",
      "company"
    ],
    "object_id": "10",
    "object_repr": "Linikini",
    "action_flag": 1,
    "change_message": "[{\"added\": {}}]"
  }
},
{
  "model": "admin.logentry",
  "pk": 179,
  "fields": {
    "action_time": "2021-02-19T13:46:59.219Z",
    "user": [
      "jangan-dibalas@be-py.cyou"
    ],
    "content_type": [
      "course",
      "experience"
    ],
    "object_id": "11",
    "object_repr": "Remote Fullstack Developer - Co Assets",
    "action_flag": 2,
    "change_message": "[{\"changed\": {\"fields\": [\"Company\"]}}]"
  }
},
{
  "model": "admin.logentry",
  "pk": 180,
  "fields": {
    "action_time": "2021-02-19T13:47:50.082Z",
    "user": [
      "jangan-dibalas@be-py.cyou"
    ],
    "content_type": [
      "course",
      "experience"
    ],
    "object_id": "12",
    "object_repr": "Software Developer Internship - Linikini",
    "action_flag": 1,
    "change_message": "[{\"added\": {}}]"
  }
},
{
  "model": "admin.logentry",
  "pk": 181,
  "fields": {
    "action_time": "2021-02-19T13:48:08.834Z",
    "user": [
      "jangan-dibalas@be-py.cyou"
    ],
    "content_type": [
      "course",
      "mentor"
    ],
    "object_id": "3",
    "object_repr": "Alvian DK as mentor",
    "action_flag": 2,
    "change_message": "[{\"changed\": {\"fields\": [\"Experience\"]}}]"
  }
},
{
  "model": "admin.logentry",
  "pk": 182,
  "fields": {
    "action_time": "2021-02-20T06:04:25.366Z",
    "user": [
      "jangan-dibalas@be-py.cyou"
    ],
    "content_type": [
      "course",
      "course"
    ],
    "object_id": "3",
    "object_repr": "Automation Testing dengan Selenium",
    "action_flag": 1,
    "change_message": "[{\"added\": {}}, {\"added\": {\"name\": \"syllabus\", \"object\": \"syllabus: Automation Testing dengan Selenium\"}}]"
  }
},
{
  "model": "admin.logentry",
  "pk": 183,
  "fields": {
    "action_time": "2021-02-20T06:04:35.026Z",
    "user": [
      "jangan-dibalas@be-py.cyou"
    ],
    "content_type": [
      "course",
      "course"
    ],
    "object_id": "3",
    "object_repr": "Automation Testing dengan Selenium",
    "action_flag": 2,
    "change_message": "[{\"changed\": {\"fields\": [\"Learn type\"]}}]"
  }
},
{
  "model": "admin.logentry",
  "pk": 184,
  "fields": {
    "action_time": "2021-02-20T06:05:33.781Z",
    "user": [
      "jangan-dibalas@be-py.cyou"
    ],
    "content_type": [
      "course",
      "course"
    ],
    "object_id": "3",
    "object_repr": "Automation Testing dengan Selenium",
    "action_flag": 2,
    "change_message": "[{\"changed\": {\"name\": \"syllabus\", \"object\": \"syllabus: Automation Testing dengan Selenium\", \"fields\": [\"Objectives\"]}}]"
  }
},
{
  "model": "admin.logentry",
  "pk": 185,
  "fields": {
    "action_time": "2021-02-20T06:08:06.806Z",
    "user": [
      "jangan-dibalas@be-py.cyou"
    ],
    "content_type": [
      "course",
      "course"
    ],
    "object_id": "3",
    "object_repr": "Automation Testing dengan Selenium",
    "action_flag": 2,
    "change_message": "[{\"changed\": {\"name\": \"syllabus\", \"object\": \"syllabus: Automation Testing dengan Selenium\", \"fields\": [\"Objectives\"]}}]"
  }
},
{
  "model": "admin.logentry",
  "pk": 186,
  "fields": {
    "action_time": "2021-02-20T06:09:13.695Z",
    "user": [
      "jangan-dibalas@be-py.cyou"
    ],
    "content_type": [
      "course",
      "course"
    ],
    "object_id": "3",
    "object_repr": "Automation Testing dengan Selenium",
    "action_flag": 2,
    "change_message": "[{\"changed\": {\"name\": \"syllabus\", \"object\": \"syllabus: Automation Testing dengan Selenium\", \"fields\": [\"Objectives\"]}}]"
  }
},
{
  "model": "admin.logentry",
  "pk": 187,
  "fields": {
    "action_time": "2021-02-20T06:29:11.690Z",
    "user": [
      "jangan-dibalas@be-py.cyou"
    ],
    "content_type": [
      "course",
      "experience"
    ],
    "object_id": "10",
    "object_repr": "Fullstack Developer - Mekar Investama Sampoerna",
    "action_flag": 2,
    "change_message": "[{\"changed\": {\"fields\": [\"Start date\", \"End date\"]}}]"
  }
},
{
  "model": "admin.logentry",
  "pk": 188,
  "fields": {
    "action_time": "2021-02-21T06:03:27.622Z",
    "user": [
      "jangan-dibalas@be-py.cyou"
    ],
    "content_type": [
      "static_page",
      "aboutus"
    ],
    "object_id": "1",
    "object_repr": "AboutUs object (1)",
    "action_flag": 1,
    "change_message": "[{\"added\": {}}]"
  }
},
{
  "model": "admin.logentry",
  "pk": 189,
  "fields": {
    "action_time": "2021-02-21T20:24:59.916Z",
    "user": [
      "jangan-dibalas@be-py.cyou"
    ],
    "content_type": [
      "course",
      "course"
    ],
    "object_id": "3",
    "object_repr": "Automation Testing dengan Selenium",
    "action_flag": 2,
    "change_message": "[{\"changed\": {\"fields\": [\"Description\"]}}, {\"changed\": {\"name\": \"syllabus\", \"object\": \"syllabus: Automation Testing dengan Selenium\", \"fields\": [\"Objectives\"]}}]"
  }
},
{
  "model": "admin.logentry",
  "pk": 190,
  "fields": {
    "action_time": "2021-02-21T20:26:40.174Z",
    "user": [
      "jangan-dibalas@be-py.cyou"
    ],
    "content_type": [
      "course",
      "course"
    ],
    "object_id": "3",
    "object_repr": "Automation Testing dengan Selenium",
    "action_flag": 2,
    "change_message": "[{\"changed\": {\"name\": \"syllabus\", \"object\": \"syllabus: Automation Testing dengan Selenium\", \"fields\": [\"Objectives\"]}}]"
  }
},
{
  "model": "admin.logentry",
  "pk": 191,
  "fields": {
    "action_time": "2021-02-21T20:27:29.032Z",
    "user": [
      "jangan-dibalas@be-py.cyou"
    ],
    "content_type": [
      "course",
      "course"
    ],
    "object_id": "3",
    "object_repr": "Automation Testing dengan Selenium",
    "action_flag": 2,
    "change_message": "[{\"changed\": {\"name\": \"syllabus\", \"object\": \"syllabus: Automation Testing dengan Selenium\", \"fields\": [\"Objectives\"]}}]"
  }
},
{
  "model": "admin.logentry",
  "pk": 192,
  "fields": {
    "action_time": "2021-02-21T20:29:06.196Z",
    "user": [
      "jangan-dibalas@be-py.cyou"
    ],
    "content_type": [
      "course",
      "course"
    ],
    "object_id": "3",
    "object_repr": "Automation Testing dengan Selenium",
    "action_flag": 2,
    "change_message": "[{\"changed\": {\"name\": \"syllabus\", \"object\": \"syllabus: Automation Testing dengan Selenium\", \"fields\": [\"Objectives\"]}}]"
  }
},
{
  "model": "admin.logentry",
  "pk": 193,
  "fields": {
    "action_time": "2021-02-22T13:03:41.622Z",
    "user": [
      "jangan-dibalas@be-py.cyou"
    ],
    "content_type": [
      "static_page",
      "aboutus"
    ],
    "object_id": "1",
    "object_repr": "AboutUs object (1)",
    "action_flag": 2,
    "change_message": "[{\"changed\": {\"fields\": [\"Content\"]}}]"
  }
},
{
  "model": "admin.logentry",
  "pk": 194,
  "fields": {
    "action_time": "2021-02-24T13:13:31.758Z",
    "user": [
      "jangan-dibalas@be-py.cyou"
    ],
    "content_type": [
      "course",
      "course"
    ],
    "object_id": "4",
    "object_repr": "Membuat Website Pribadi dengan Django",
    "action_flag": 1,
    "change_message": "[{\"added\": {}}, {\"added\": {\"name\": \"syllabus\", \"object\": \"syllabus: Membuat Website Pribadi dengan Django\"}}]"
  }
},
{
  "model": "admin.logentry",
  "pk": 195,
  "fields": {
    "action_time": "2021-02-24T13:14:02.813Z",
    "user": [
      "jangan-dibalas@be-py.cyou"
    ],
    "content_type": [
      "course",
      "course"
    ],
    "object_id": "4",
    "object_repr": "Membuat Website Pribadi dengan Django",
    "action_flag": 2,
    "change_message": "[{\"changed\": {\"fields\": [\"Description\"]}}, {\"changed\": {\"name\": \"syllabus\", \"object\": \"syllabus: Membuat Website Pribadi dengan Django\", \"fields\": [\"Objectives\"]}}]"
  }
},
{
  "model": "admin.logentry",
  "pk": 196,
  "fields": {
    "action_time": "2021-02-24T13:14:29.628Z",
    "user": [
      "jangan-dibalas@be-py.cyou"
    ],
    "content_type": [
      "course",
      "course"
    ],
    "object_id": "4",
    "object_repr": "Membuat Website Pribadi dengan Django",
    "action_flag": 2,
    "change_message": "[{\"changed\": {\"fields\": [\"Description\"]}}, {\"changed\": {\"name\": \"syllabus\", \"object\": \"syllabus: Membuat Website Pribadi dengan Django\", \"fields\": [\"Objectives\"]}}]"
  }
},
{
  "model": "admin.logentry",
  "pk": 197,
  "fields": {
    "action_time": "2021-02-24T13:19:31.018Z",
    "user": [
      "jangan-dibalas@be-py.cyou"
    ],
    "content_type": [
      "course",
      "course"
    ],
    "object_id": "4",
    "object_repr": "Membuat Website Pribadi dengan Django",
    "action_flag": 2,
    "change_message": "[{\"changed\": {\"name\": \"syllabus\", \"object\": \"syllabus: Membuat Website Pribadi dengan Django\", \"fields\": [\"Objectives\"]}}]"
  }
},
{
  "model": "admin.logentry",
  "pk": 198,
  "fields": {
    "action_time": "2021-02-24T13:29:03.472Z",
    "user": [
      "jangan-dibalas@be-py.cyou"
    ],
    "content_type": [
      "course",
      "course"
    ],
    "object_id": "5",
    "object_repr": "Membuat API dengan Django Rest Framework",
    "action_flag": 1,
    "change_message": "[{\"added\": {}}, {\"added\": {\"name\": \"syllabus\", \"object\": \"syllabus: Membuat API dengan Django Rest Framework\"}}]"
  }
},
{
  "model": "admin.logentry",
  "pk": 199,
  "fields": {
    "action_time": "2021-02-24T13:30:49.212Z",
    "user": [
      "jangan-dibalas@be-py.cyou"
    ],
    "content_type": [
      "course",
      "course"
    ],
    "object_id": "5",
    "object_repr": "Membuat API dengan Django Rest Framework",
    "action_flag": 2,
    "change_message": "[{\"changed\": {\"name\": \"syllabus\", \"object\": \"syllabus: Membuat API dengan Django Rest Framework\", \"fields\": [\"Objectives\"]}}]"
  }
},
{
  "model": "admin.logentry",
  "pk": 200,
  "fields": {
    "action_time": "2021-02-24T13:31:07.312Z",
    "user": [
      "jangan-dibalas@be-py.cyou"
    ],
    "content_type": [
      "course",
      "course"
    ],
    "object_id": "5",
    "object_repr": "Membuat API dengan Django Rest Framework",
    "action_flag": 2,
    "change_message": "[{\"changed\": {\"fields\": [\"Show\"]}}]"
  }
},
{
  "model": "admin.logentry",
  "pk": 201,
  "fields": {
    "action_time": "2021-02-26T13:34:58.117Z",
    "user": [
      "jangan-dibalas@be-py.cyou"
    ],
    "content_type": [
      "course",
      "course"
    ],
    "object_id": "6",
    "object_repr": "Dasar - Dasar Pemrograman Python",
    "action_flag": 1,
    "change_message": "[{\"added\": {}}, {\"added\": {\"name\": \"syllabus\", \"object\": \"syllabus: Dasar - Dasar Pemrograman Python\"}}]"
  }
},
{
  "model": "admin.logentry",
  "pk": 202,
  "fields": {
    "action_time": "2021-02-26T13:35:58.536Z",
    "user": [
      "jangan-dibalas@be-py.cyou"
    ],
    "content_type": [
      "course",
      "course"
    ],
    "object_id": "6",
    "object_repr": "Dasar - Dasar Pemrograman Python",
    "action_flag": 2,
    "change_message": "[{\"changed\": {\"fields\": [\"Show\"]}}]"
  }
},
{
  "model": "admin.logentry",
  "pk": 203,
  "fields": {
    "action_time": "2021-02-26T13:59:59.459Z",
    "user": [
      "jangan-dibalas@be-py.cyou"
    ],
    "content_type": [
      "course",
      "course"
    ],
    "object_id": "6",
    "object_repr": "Dasar - Dasar Pemrograman Python",
    "action_flag": 2,
    "change_message": "[{\"changed\": {\"fields\": [\"Show\"]}}, {\"changed\": {\"name\": \"syllabus\", \"object\": \"syllabus: Dasar - Dasar Pemrograman Python\", \"fields\": [\"Objectives\"]}}]"
  }
},
{
  "model": "admin.logentry",
  "pk": 204,
  "fields": {
    "action_time": "2021-02-26T14:00:32.892Z",
    "user": [
      "jangan-dibalas@be-py.cyou"
    ],
    "content_type": [
      "course",
      "course"
    ],
    "object_id": "6",
    "object_repr": "Dasar - Dasar Pemrograman Python",
    "action_flag": 2,
    "change_message": "[{\"changed\": {\"fields\": [\"Description\"]}}]"
  }
},
{
  "model": "admin.logentry",
  "pk": 205,
  "fields": {
    "action_time": "2021-02-26T16:16:54.778Z",
    "user": [
      "jangan-dibalas@be-py.cyou"
    ],
    "content_type": [
      "course",
      "module"
    ],
    "object_id": "7",
    "object_repr": "course: 2, module: Pengenalan Python",
    "action_flag": 2,
    "change_message": "[{\"changed\": {\"name\": \"module content\", \"object\": \"module: Pengenalan Python, content: 4, \", \"fields\": [\"Text\"]}}]"
  }
},
{
  "model": "admin.logentry",
  "pk": 206,
  "fields": {
    "action_time": "2021-02-26T16:17:16.803Z",
    "user": [
      "jangan-dibalas@be-py.cyou"
    ],
    "content_type": [
      "course",
      "module"
    ],
    "object_id": "7",
    "object_repr": "course: 2, module: Pengenalan Python",
    "action_flag": 2,
    "change_message": "[{\"changed\": {\"name\": \"module content\", \"object\": \"module: Pengenalan Python, content: 5, \", \"fields\": [\"Text\"]}}, {\"changed\": {\"name\": \"module content\", \"object\": \"module: Pengenalan Python, content: 6, \", \"fields\": [\"Text\"]}}]"
  }
},
{
  "model": "admin.logentry",
  "pk": 207,
  "fields": {
    "action_time": "2021-02-26T16:17:47.840Z",
    "user": [
      "jangan-dibalas@be-py.cyou"
    ],
    "content_type": [
      "course",
      "module"
    ],
    "object_id": "8",
    "object_repr": "course: 2, module: Operator",
    "action_flag": 2,
    "change_message": "[{\"changed\": {\"name\": \"module content\", \"object\": \"module: Operator, content: 7, \", \"fields\": [\"Text\"]}}, {\"changed\": {\"name\": \"module content\", \"object\": \"module: Operator, content: 9, \", \"fields\": [\"Text\"]}}]"
  }
},
{
  "model": "admin.logentry",
  "pk": 208,
  "fields": {
    "action_time": "2021-02-26T16:18:08.778Z",
    "user": [
      "jangan-dibalas@be-py.cyou"
    ],
    "content_type": [
      "course",
      "module"
    ],
    "object_id": "9",
    "object_repr": "course: 2, module: Tipe Data Numerik",
    "action_flag": 2,
    "change_message": "[{\"changed\": {\"name\": \"module content\", \"object\": \"module: Tipe Data Numerik, content: 11, \", \"fields\": [\"Text\"]}}]"
  }
},
{
  "model": "admin.logentry",
  "pk": 209,
  "fields": {
    "action_time": "2021-02-26T16:18:52.750Z",
    "user": [
      "jangan-dibalas@be-py.cyou"
    ],
    "content_type": [
      "course",
      "module"
    ],
    "object_id": "10",
    "object_repr": "course: 2, module: Pengenalan String",
    "action_flag": 2,
    "change_message": "[{\"changed\": {\"name\": \"module content\", \"object\": \"module: Pengenalan String, content: 13, \", \"fields\": [\"Text\"]}}, {\"changed\": {\"name\": \"module content\", \"object\": \"module: Pengenalan String, content: 14, \", \"fields\": [\"Text\"]}}, {\"changed\": {\"name\": \"module content\", \"object\": \"module: Pengenalan String, content: 15, \", \"fields\": [\"Text\"]}}, {\"changed\": {\"name\": \"module content\", \"object\": \"module: Pengenalan String, content: 16, \", \"fields\": [\"Text\"]}}]"
  }
},
{
  "model": "admin.logentry",
  "pk": 210,
  "fields": {
    "action_time": "2021-02-26T16:19:39.274Z",
    "user": [
      "jangan-dibalas@be-py.cyou"
    ],
    "content_type": [
      "course",
      "module"
    ],
    "object_id": "11",
    "object_repr": "course: 2, module: Manipulasi String",
    "action_flag": 2,
    "change_message": "[{\"changed\": {\"name\": \"module content\", \"object\": \"module: Manipulasi String, content: 17, \", \"fields\": [\"Text\"]}}, {\"changed\": {\"name\": \"module content\", \"object\": \"module: Manipulasi String, content: 18, \", \"fields\": [\"Text\"]}}, {\"changed\": {\"name\": \"module content\", \"object\": \"module: Manipulasi String, content: 19, \", \"fields\": [\"Text\"]}}, {\"changed\": {\"name\": \"module content\", \"object\": \"module: Manipulasi String, content: 20, \", \"fields\": [\"Text\"]}}, {\"changed\": {\"name\": \"module content\", \"object\": \"module: Manipulasi String, content: 21, \", \"fields\": [\"Text\"]}}]"
  }
},
{
  "model": "admin.logentry",
  "pk": 211,
  "fields": {
    "action_time": "2021-02-26T16:20:04.578Z",
    "user": [
      "jangan-dibalas@be-py.cyou"
    ],
    "content_type": [
      "course",
      "module"
    ],
    "object_id": "12",
    "object_repr": "course: 2, module: Komentar",
    "action_flag": 2,
    "change_message": "[{\"changed\": {\"name\": \"module content\", \"object\": \"module: Komentar, content: 22, \", \"fields\": [\"Text\"]}}, {\"changed\": {\"name\": \"module content\", \"object\": \"module: Komentar, content: 23, \", \"fields\": [\"Text\"]}}]"
  }
},
{
  "model": "admin.logentry",
  "pk": 212,
  "fields": {
    "action_time": "2021-02-26T16:29:57.441Z",
    "user": [
      "jangan-dibalas@be-py.cyou"
    ],
    "content_type": [
      "course",
      "module"
    ],
    "object_id": "7",
    "object_repr": "course: 2, module: Pengenalan Python",
    "action_flag": 2,
    "change_message": "[{\"changed\": {\"name\": \"module content\", \"object\": \"module: Pengenalan Python, content: 4, \", \"fields\": [\"Text\"]}}, {\"changed\": {\"name\": \"module content\", \"object\": \"module: Pengenalan Python, content: 5, \", \"fields\": [\"Text\"]}}]"
  }
},
{
  "model": "admin.logentry",
  "pk": 213,
  "fields": {
    "action_time": "2021-02-26T16:30:19.177Z",
    "user": [
      "jangan-dibalas@be-py.cyou"
    ],
    "content_type": [
      "course",
      "module"
    ],
    "object_id": "7",
    "object_repr": "course: 2, module: Pengenalan Python",
    "action_flag": 2,
    "change_message": "[{\"changed\": {\"name\": \"module content\", \"object\": \"module: Pengenalan Python, content: 6, \", \"fields\": [\"Text\"]}}]"
  }
},
{
  "model": "admin.logentry",
  "pk": 214,
  "fields": {
    "action_time": "2021-02-26T16:30:40.866Z",
    "user": [
      "jangan-dibalas@be-py.cyou"
    ],
    "content_type": [
      "course",
      "module"
    ],
    "object_id": "7",
    "object_repr": "course: 2, module: Pengenalan Python",
    "action_flag": 2,
    "change_message": "[{\"changed\": {\"name\": \"module content\", \"object\": \"module: Pengenalan Python, content: 6, \", \"fields\": [\"Text\"]}}]"
  }
},
{
  "model": "admin.logentry",
  "pk": 215,
  "fields": {
    "action_time": "2021-02-26T16:36:11.041Z",
    "user": [
      "jangan-dibalas@be-py.cyou"
    ],
    "content_type": [
      "course",
      "module"
    ],
    "object_id": "8",
    "object_repr": "course: 2, module: Operator",
    "action_flag": 2,
    "change_message": "[{\"changed\": {\"name\": \"module content\", \"object\": \"module: Operator, content: 8, \", \"fields\": [\"Text\"]}}, {\"changed\": {\"name\": \"module content\", \"object\": \"module: Operator, content: 9, \", \"fields\": [\"Text\"]}}, {\"changed\": {\"name\": \"module content\", \"object\": \"module: Operator, content: 10, \", \"fields\": [\"Text\"]}}]"
  }
},
{
  "model": "admin.logentry",
  "pk": 216,
  "fields": {
    "action_time": "2021-02-26T16:39:26.161Z",
    "user": [
      "jangan-dibalas@be-py.cyou"
    ],
    "content_type": [
      "course",
      "module"
    ],
    "object_id": "9",
    "object_repr": "course: 2, module: Tipe Data Numerik",
    "action_flag": 2,
    "change_message": "[{\"changed\": {\"name\": \"module content\", \"object\": \"module: Tipe Data Numerik, content: 11, \", \"fields\": [\"Text\"]}}, {\"changed\": {\"name\": \"module content\", \"object\": \"module: Tipe Data Numerik, content: 12, \", \"fields\": [\"Text\"]}}]"
  }
},
{
  "model": "admin.logentry",
  "pk": 217,
  "fields": {
    "action_time": "2021-02-26T16:42:27.018Z",
    "user": [
      "jangan-dibalas@be-py.cyou"
    ],
    "content_type": [
      "course",
      "module"
    ],
    "object_id": "9",
    "object_repr": "course: 2, module: Tipe Data Numerik",
    "action_flag": 2,
    "change_message": "[{\"changed\": {\"name\": \"module content\", \"object\": \"module: Tipe Data Numerik, content: 11, \", \"fields\": [\"Text\"]}}, {\"changed\": {\"name\": \"module content\", \"object\": \"module: Tipe Data Numerik, content: 12, \", \"fields\": [\"Text\"]}}]"
  }
},
{
  "model": "admin.logentry",
  "pk": 218,
  "fields": {
    "action_time": "2021-02-26T16:42:48.094Z",
    "user": [
      "jangan-dibalas@be-py.cyou"
    ],
    "content_type": [
      "course",
      "module"
    ],
    "object_id": "9",
    "object_repr": "course: 2, module: Tipe Data Numerik",
    "action_flag": 2,
    "change_message": "[{\"changed\": {\"name\": \"module content\", \"object\": \"module: Tipe Data Numerik, content: 11, \", \"fields\": [\"Text\"]}}]"
  }
},
{
  "model": "admin.logentry",
  "pk": 219,
  "fields": {
    "action_time": "2021-02-26T16:45:59.213Z",
    "user": [
      "jangan-dibalas@be-py.cyou"
    ],
    "content_type": [
      "course",
      "module"
    ],
    "object_id": "10",
    "object_repr": "course: 2, module: Pengenalan String",
    "action_flag": 2,
    "change_message": "[{\"changed\": {\"name\": \"module content\", \"object\": \"module: Pengenalan String, content: 13, \", \"fields\": [\"Text\"]}}, {\"changed\": {\"name\": \"module content\", \"object\": \"module: Pengenalan String, content: 14, \", \"fields\": [\"Text\"]}}, {\"changed\": {\"name\": \"module content\", \"object\": \"module: Pengenalan String, content: 15, \", \"fields\": [\"Text\"]}}, {\"changed\": {\"name\": \"module content\", \"object\": \"module: Pengenalan String, content: 16, \", \"fields\": [\"Text\"]}}]"
  }
},
{
  "model": "admin.logentry",
  "pk": 220,
  "fields": {
    "action_time": "2021-02-26T16:48:02.802Z",
    "user": [
      "jangan-dibalas@be-py.cyou"
    ],
    "content_type": [
      "course",
      "module"
    ],
    "object_id": "10",
    "object_repr": "course: 2, module: Pengenalan String",
    "action_flag": 2,
    "change_message": "[{\"changed\": {\"name\": \"module content\", \"object\": \"module: Pengenalan String, content: 13, \", \"fields\": [\"Text\"]}}, {\"changed\": {\"name\": \"module content\", \"object\": \"module: Pengenalan String, content: 14, \", \"fields\": [\"Text\"]}}, {\"changed\": {\"name\": \"module content\", \"object\": \"module: Pengenalan String, content: 15, \", \"fields\": [\"Text\"]}}, {\"changed\": {\"name\": \"module content\", \"object\": \"module: Pengenalan String, content: 16, \", \"fields\": [\"Text\"]}}]"
  }
},
{
  "model": "admin.logentry",
  "pk": 221,
  "fields": {
    "action_time": "2021-02-26T16:48:55.700Z",
    "user": [
      "jangan-dibalas@be-py.cyou"
    ],
    "content_type": [
      "course",
      "module"
    ],
    "object_id": "10",
    "object_repr": "course: 2, module: Pengenalan String",
    "action_flag": 2,
    "change_message": "[{\"changed\": {\"name\": \"module content\", \"object\": \"module: Pengenalan String, content: 13, \", \"fields\": [\"Text\"]}}]"
  }
},
{
  "model": "admin.logentry",
  "pk": 222,
  "fields": {
    "action_time": "2021-02-26T16:49:59.306Z",
    "user": [
      "jangan-dibalas@be-py.cyou"
    ],
    "content_type": [
      "course",
      "module"
    ],
    "object_id": "12",
    "object_repr": "course: 2, module: Komentar",
    "action_flag": 2,
    "change_message": "[{\"changed\": {\"name\": \"module content\", \"object\": \"module: Komentar, content: 23, \", \"fields\": [\"Text\"]}}]"
  }
},
{
  "model": "admin.logentry",
  "pk": 223,
  "fields": {
    "action_time": "2021-02-26T16:50:35.002Z",
    "user": [
      "jangan-dibalas@be-py.cyou"
    ],
    "content_type": [
      "course",
      "module"
    ],
    "object_id": "12",
    "object_repr": "course: 2, module: Komentar",
    "action_flag": 2,
    "change_message": "[{\"changed\": {\"name\": \"module content\", \"object\": \"module: Komentar, content: 22, \", \"fields\": [\"Text\"]}}, {\"changed\": {\"name\": \"module content\", \"object\": \"module: Komentar, content: 23, \", \"fields\": [\"Text\"]}}]"
  }
},
{
  "model": "admin.logentry",
  "pk": 224,
  "fields": {
    "action_time": "2021-02-26T16:51:18.163Z",
    "user": [
      "jangan-dibalas@be-py.cyou"
    ],
    "content_type": [
      "course",
      "module"
    ],
    "object_id": "11",
    "object_repr": "course: 2, module: Manipulasi String",
    "action_flag": 2,
    "change_message": "[{\"changed\": {\"name\": \"module content\", \"object\": \"module: Manipulasi String, content: 17, \", \"fields\": [\"Text\"]}}, {\"changed\": {\"name\": \"module content\", \"object\": \"module: Manipulasi String, content: 18, \", \"fields\": [\"Text\"]}}, {\"changed\": {\"name\": \"module content\", \"object\": \"module: Manipulasi String, content: 19, \", \"fields\": [\"Text\"]}}, {\"changed\": {\"name\": \"module content\", \"object\": \"module: Manipulasi String, content: 20, \", \"fields\": [\"Text\"]}}, {\"changed\": {\"name\": \"module content\", \"object\": \"module: Manipulasi String, content: 21, \", \"fields\": [\"Text\"]}}]"
  }
},
{
  "model": "admin.logentry",
  "pk": 225,
  "fields": {
    "action_time": "2021-02-26T16:52:24.199Z",
    "user": [
      "jangan-dibalas@be-py.cyou"
    ],
    "content_type": [
      "course",
      "module"
    ],
    "object_id": "8",
    "object_repr": "course: 2, module: Operator",
    "action_flag": 2,
    "change_message": "[{\"changed\": {\"name\": \"module content\", \"object\": \"module: Operator, content: 8, \", \"fields\": [\"Text\"]}}, {\"changed\": {\"name\": \"module content\", \"object\": \"module: Operator, content: 9, \", \"fields\": [\"Text\"]}}, {\"changed\": {\"name\": \"module content\", \"object\": \"module: Operator, content: 10, \", \"fields\": [\"Text\"]}}]"
  }
},
{
  "model": "admin.logentry",
  "pk": 226,
  "fields": {
    "action_time": "2021-02-26T16:52:55.094Z",
    "user": [
      "jangan-dibalas@be-py.cyou"
    ],
    "content_type": [
      "course",
      "module"
    ],
    "object_id": "9",
    "object_repr": "course: 2, module: Tipe Data Numerik",
    "action_flag": 2,
    "change_message": "[{\"changed\": {\"name\": \"module content\", \"object\": \"module: Tipe Data Numerik, content: 11, \", \"fields\": [\"Text\"]}}, {\"changed\": {\"name\": \"module content\", \"object\": \"module: Tipe Data Numerik, content: 12, \", \"fields\": [\"Text\"]}}]"
  }
},
{
  "model": "admin.logentry",
  "pk": 227,
  "fields": {
    "action_time": "2021-02-26T16:53:27.500Z",
    "user": [
      "jangan-dibalas@be-py.cyou"
    ],
    "content_type": [
      "course",
      "module"
    ],
    "object_id": "10",
    "object_repr": "course: 2, module: Pengenalan String",
    "action_flag": 2,
    "change_message": "[{\"changed\": {\"name\": \"module content\", \"object\": \"module: Pengenalan String, content: 13, \", \"fields\": [\"Text\"]}}]"
  }
},
{
  "model": "admin.logentry",
  "pk": 228,
  "fields": {
    "action_time": "2021-02-27T05:59:46.147Z",
    "user": [
      "jangan-dibalas@be-py.cyou"
    ],
    "content_type": [
      "course",
      "module"
    ],
    "object_id": "8",
    "object_repr": "course: 2, module: Operator",
    "action_flag": 2,
    "change_message": "[{\"changed\": {\"name\": \"module content\", \"object\": \"module: Operator, content: 7, \", \"fields\": [\"Text\"]}}, {\"changed\": {\"name\": \"module content\", \"object\": \"module: Operator, content: 8, \", \"fields\": [\"Text\"]}}]"
  }
},
{
  "model": "admin.logentry",
  "pk": 229,
  "fields": {
    "action_time": "2021-02-27T06:00:21.473Z",
    "user": [
      "jangan-dibalas@be-py.cyou"
    ],
    "content_type": [
      "course",
      "module"
    ],
    "object_id": "8",
    "object_repr": "course: 2, module: Operator",
    "action_flag": 2,
    "change_message": "[{\"changed\": {\"name\": \"module content\", \"object\": \"module: Operator, content: 7, \", \"fields\": [\"Text\"]}}]"
  }
},
{
  "model": "admin.logentry",
  "pk": 230,
  "fields": {
    "action_time": "2021-02-27T06:03:23.311Z",
    "user": [
      "jangan-dibalas@be-py.cyou"
    ],
    "content_type": [
      "course",
      "module"
    ],
    "object_id": "8",
    "object_repr": "course: 2, module: Operator",
    "action_flag": 2,
    "change_message": "[{\"changed\": {\"name\": \"module content\", \"object\": \"module: Operator, content: 8, \", \"fields\": [\"Text\"]}}, {\"changed\": {\"name\": \"module content\", \"object\": \"module: Operator, content: 9, \", \"fields\": [\"Text\"]}}, {\"changed\": {\"name\": \"module content\", \"object\": \"module: Operator, content: 10, \", \"fields\": [\"Text\"]}}]"
  }
},
{
  "model": "admin.logentry",
  "pk": 231,
  "fields": {
    "action_time": "2021-02-27T06:04:35.423Z",
    "user": [
      "jangan-dibalas@be-py.cyou"
    ],
    "content_type": [
      "course",
      "module"
    ],
    "object_id": "8",
    "object_repr": "course: 2, module: Operator",
    "action_flag": 2,
    "change_message": "[{\"changed\": {\"name\": \"module content\", \"object\": \"module: Operator, content: 9, \", \"fields\": [\"Text\"]}}]"
  }
}
]
